name	ltla	date	epoch
England/MILK-2E0A415/2021|BA.1|2021-12-09	E09000033	2021-12-09	1
England/MILK-2F8C6D8/2021|BA.1|2021-12-19	E07000075	2021-12-19	1
England/MILK-2FE734D/2021|BA.1|2021-12-24	E06000033	2021-12-24	1
England/MILK-31A51C4/2022|BA.1|2022-01-08	E07000086	2022-01-08	2
England/HSLL-2FDD91B/2021|BA.1|2021-12-24	E09000016	2021-12-24	1
England/MILK-2FF5379/2021|BA.1|2021-12-26	E08000028	2021-12-26	2
England/MILK-3286E2B/2022|BA.1|2022-01-14	E06000032	2022-01-14	2
England/MILK-3072C1B/2021|BA.1|2021-12-29	E09000003	2021-12-29	2
England/MILK-2F17EBC/2021|BA.1|2021-12-16	E09000030	2021-12-16	1
England/MILK-2EACB4D/2021|BA.1|2021-12-13	E09000030	2021-12-13	1
England/ALDP-2FBACDF/2021|BA.1|2021-12-17	E09000028	2021-12-17	1
England/MILK-3118D04/2022|BA.1|2022-01-03	E09000023	2022-01-03	2
England/MILK-34B16A5/2022|BA.1|2022-01-30	E09000032	2022-01-30	3
England/MILK-314CF2F/2022|BA.1|2022-01-05	E09000023	2022-01-05	2
England/PLYM-3347ECB/2022|BA.1|2022-01-18	E06000025	2022-01-18	3
England/MILK-3072097/2021|BA.1|2021-12-30	E07000084	2021-12-30	2
England/QEUH-32E241C/2022|BA.1|2022-01-15	E08000035	2022-01-15	2
England/MILK-33D6B8E/2022|BA.1|2022-01-23	E06000031	2022-01-23	3
England/NORT-YB5QDW/2022|BA.1|2022-01-19	E07000152	2022-01-19	3
England/LSPA-32A8A4D/2022|BA.1|2022-01-12	E06000055	2022-01-12	2
England/LSPA-317E4E9/2022|BA.1|2022-01-04	E07000155	2022-01-04	2
England/MILK-337F2EC/2022|BA.1|2022-01-21	E07000152	2022-01-21	3
England/LSPA-34AE061/2022|BA.1|2022-01-25	E07000152	2022-01-25	3
England/LSPA-3226B71/2022|BA.1|2022-01-08	E07000012	2022-01-08	2
England/MILK-31095D1/2022|BA.1|2022-01-04	E06000042	2022-01-04	2
England/MILK-321AC40/2022|BA.1|2022-01-11	E06000032	2022-01-11	2
England/MILK-3159FB6/2022|BA.1|2022-01-05	E07000154	2022-01-05	2
England/MILK-33F3040/2022|BA.1|2022-01-24	E07000152	2022-01-24	3
England/ALDP-33831E8/2022|BA.1|2022-01-19	E06000013	2022-01-19	3
England/PLYM-2F40412/2021|BA.1|2021-12-17	E06000023	2021-12-17	1
England/MILK-2F8D437/2021|BA.1|2021-12-19	E09000011	2021-12-19	1
England/MILK-311311C/2021|BA.1|2021-12-31	E07000076	2021-12-31	2
England/BRBR-2F42E30/2021|BA.1|2021-12-17	E07000209	2021-12-17	1
England/LSPA-3201D3A/2022|BA.1|2022-01-08	E07000219	2022-01-08	2
England/MILK-2F08E18/2021|BA.1|2021-12-16	E07000079	2021-12-16	1
England/DHSC-CYNZ1DM/2021|BA.1|2021-12-20	E06000054	2021-12-20	1
England/MILK-2F561C7/2021|BA.1|2021-12-18	E06000054	2021-12-18	1
England/MILK-2ED7EF5/2021|BA.1|2021-12-14	E09000009	2021-12-14	1
England/MILK-2EC83AD/2021|BA.1|2021-12-15	E09000009	2021-12-15	1
England/DHSC-CYNQD46/2021|BA.1|2021-12-23	E07000155	2021-12-23	1
England/DHSC-CYYJ619/2021|BA.1|2021-12-20	E07000084	2021-12-20	1
England/MILK-30EBF14/2022|BA.1|2022-01-03	E09000013	2022-01-03	2
England/MILK-307BA54/2021|BA.1|2021-12-30	E07000189	2021-12-30	2
England/MILK-31E1E4D/2022|BA.1|2022-01-10	E07000061	2022-01-10	2
England/QEUH-32DAF07/2022|BA.1|2022-01-12	E08000035	2022-01-12	2
England/ALDP-34EFC42/2022|BA.1|2022-01-25	E06000049	2022-01-25	3
England/PLYM-3221C73/2022|BA.1|2022-01-11	E06000026	2022-01-11	2
England/QEUH-31A24A0/2022|BA.1|2022-01-05	E08000016	2022-01-05	2
England/MILK-3060409/2021|BA.1|2021-12-29	E07000108	2021-12-29	2
England/BRBR-328E03C/2022|BA.1|2022-01-13	E07000225	2022-01-13	2
England/MILK-33F5C3B/2022|BA.1|2022-01-24	E07000064	2022-01-24	3
England/MILK-34F00CA/2022|BA.1|2022-01-31	E07000110	2022-01-31	3
England/LSPA-34B8547/2022|BA.1|2022-01-27	E06000035	2022-01-27	3
England/MILK-2EAD05C/2021|BA.1|2021-12-13	E09000030	2021-12-13	1
England/MILK-32A8C1A/2022|BA.1|2022-01-15	E06000055	2022-01-15	2
England/MILK-3491ADC/2022|BA.1|2022-01-29	E06000042	2022-01-29	3
England/MILK-33874EB/2022|BA.1|2022-01-21	E07000115	2022-01-21	3
England/MILK-307DC7A/2021|BA.1|2021-12-29	E07000066	2021-12-29	2
England/MILK-2F1308D/2021|BA.1|2021-12-15	E09000022	2021-12-15	1
England/ALDP-2FBE01B/2021|BA.1|2021-12-18	E07000242	2021-12-18	1
England/BRBR-2E862CC/2021|BA.1|2021-12-11	E06000036	2021-12-11	1
England/BRBR-2EAD6A5/2021|BA.1|2021-12-12	E09000029	2021-12-12	1
England/MILK-2EF62B8/2021|BA.1|2021-12-15	E09000019	2021-12-15	1
England/LSPA-3207244/2022|BA.1|2022-01-06	E07000239	2022-01-06	2
England/PLYM-3227B61/2022|BA.1|2022-01-11	E07000082	2022-01-11	2
England/MILK-34F4E9F/2022|BA.1|2022-01-31	E07000238	2022-01-31	3
England/MILK-331C8EF/2022|BA.1|2022-01-18	E09000016	2022-01-18	3
England/PLYM-32FC9B6/2022|BA.1|2022-01-17	E07000043	2022-01-17	3
England/MILK-3127F84/2022|BA.1|2022-01-04	E07000110	2022-01-04	2
England/PLYM-31917BA/2022|BA.1|2022-01-06	E06000027	2022-01-06	2
England/HSLL-329F654/2022|BA.1|2022-01-13	E07000094	2022-01-13	2
England/MILK-32192C7/2022|BA.1|2022-01-11	E06000034	2022-01-11	2
England/MILK-32C38AC/2022|BA.1|2022-01-16	E07000241	2022-01-16	3
England/DHSC-CYYQFAN/2021|BA.1|2021-12-27	E07000166	2021-12-27	2
England/DHSC-CYNJQK6/2022|BA.1|2022-01-20	E06000047	2022-01-20	3
England/QEUH-31C2C57/2022|BA.1|2022-01-06	E06000009	2022-01-06	2
England/BRBR-30411CB/2021|BA.1|2021-12-28	E07000207	2021-12-28	2
England/ALDP-31D590F/2022|BA.1|2022-01-08	E08000003	2022-01-08	2
England/MILK-324BA2E/2022|BA.1|2022-01-11	E06000031	2022-01-11	2
England/ALDP-3280999/2022|BA.1|2022-01-13	E08000007	2022-01-13	2
England/QEUH-30FEBCF/2022|BA.1|2022-01-02	E08000016	2022-01-02	2
England/LSPA-30940AE/2021|BA.1|2021-12-29	E07000130	2021-12-29	2
England/PHEC-YYNRB74/2022|BA.1|2022-01-03	E08000009	2022-01-03	2
England/ALDP-30F3623/2022|BA.1|2022-01-02	E08000010	2022-01-02	2
England/QEUH-319609C/2022|BA.1|2022-01-06	E06000012	2022-01-06	2
England/LSPA-3093E78/2021|BA.1|2021-12-29	E07000152	2021-12-29	2
England/BRBR-33DD9C9/2022|BA.1|2022-01-23	E07000065	2022-01-23	3
England/MILK-2F9D4DA/2021|BA.1|2021-12-20	E09000023	2021-12-20	1
England/DHSC-CYNFWH5/2022|BA.1|2022-01-30	E06000038	2022-01-30	3
England/QEUH-2F9DC0F/2021|BA.1|2021-12-19	E07000128	2021-12-19	1
England/MILK-32FDDD7/2022|BA.1|2022-01-17	E07000061	2022-01-17	3
England/MILK-31E8F07/2022|BA.1|2022-01-10	E07000012	2022-01-10	2
England/QEUH-2FE00F2/2021|BA.1|2021-12-21	E07000038	2021-12-21	1
England/MILK-331B947/2022|BA.1|2022-01-18	E07000073	2022-01-18	3
England/PLYM-34691F6/2022|BA.1|2022-01-27	E06000027	2022-01-27	3
England/PLYM-32F7906/2022|BA.1|2022-01-17	E06000027	2022-01-17	3
England/BRBR-2ED2A8D/2021|BA.1|2021-12-14	E07000085	2021-12-14	1
England/QEUH-2EFF7B0/2021|BA.1|2021-12-15	E08000019	2021-12-15	1
England/DHSC-CYDP9OZ/2021|BA.1|2021-12-21	E06000020	2021-12-21	1
England/PHWC-PG5CKJ/2021|BA.1|2021-12-29	E07000197	2021-12-29	2
England/DHSC-CYBKIZ5/2022|BA.1|2022-01-04	E07000141	2022-01-04	2
England/DHSC-CYD1TZC/2022|BA.1|2022-01-17	E07000166	2022-01-17	3
England/ALDP-2EC0615/2021|BA.1|2021-12-14	E07000120	2021-12-14	1
England/ALDP-31BDC5F/2022|BA.1|2022-01-08	E06000009	2022-01-08	2
England/PLYM-3135BAD/2022|BA.1|2022-01-02	E06000059	2022-01-02	2
England/BRBR-326F4F9/2022|BA.1|2022-01-12	E07000073	2022-01-12	2
England/MILK-30256A0/2021|BA.1|2021-12-25	E09000009	2021-12-25	1
England/MILK-33243F2/2022|BA.1|2022-01-18	E06000018	2022-01-18	3
England/LSPA-3536768/2022|BA.1|2022-01-31	E07000194	2022-01-31	3
England/QEUH-31E4800/2022|BA.1|2022-01-06	E07000123	2022-01-06	2
England/MILK-31E95D7/2022|BA.1|2022-01-10	E09000014	2022-01-10	2
England/ALDP-32C76AE/2022|BA.1|2022-01-15	E07000123	2022-01-15	2
England/QEUH-337BD58/2022|BA.1|2022-01-19	E08000017	2022-01-19	3
England/LSPA-320C8E3/2022|BA.1|2022-01-07	E07000144	2022-01-07	2
England/LSPA-31E2C33/2022|BA.1|2022-01-06	E08000030	2022-01-06	2
England/ALDP-322CF15/2022|BA.1|2022-01-10	E08000008	2022-01-10	2
England/DHSC-CYBRGOR/2022|BA.1|2022-01-31	E07000215	2022-01-31	3
England/DHSC-CYY4RX7/2022|BA.1|2022-01-16	E06000001	2022-01-16	3
England/MILK-32D1D24/2022|BA.1|2022-01-16	E09000017	2022-01-16	3
England/BRBR-32D7B33/2022|BA.1|2022-01-16	E09000006	2022-01-16	3
England/DHSC-CYYAQBU/2021|BA.1|2021-12-20	E06000041	2021-12-20	1
England/BRBR-3459E89/2022|BA.1|2022-01-25	E06000054	2022-01-25	3
England/MILK-3322655/2022|BA.1|2022-01-17	E07000075	2022-01-17	3
England/MILK-31F7E53/2022|BA.1|2022-01-10	E07000065	2022-01-10	2
England/ALDP-326AA83/2022|BA.1|2022-01-11	E08000019	2022-01-11	2
England/BRBR-3314A4B/2022|BA.1|2022-01-17	E07000063	2022-01-17	3
England/PLYM-33278D2/2022|BA.1|2022-01-18	E06000052	2022-01-18	3
England/PLYM-332B67A/2022|BA.1|2022-01-18	E06000052	2022-01-18	3
England/PLYM-3023DCB/2021|BA.1|2021-12-27	E06000052	2021-12-27	2
England/PLYM-32F970A/2022|BA.1|2022-01-17	E06000052	2022-01-17	3
England/PLYM-2FCC092/2021|BA.1|2021-12-23	E06000052	2021-12-23	1
England/PLYM-32255CF/2022|BA.1|2022-01-10	E06000052	2022-01-10	2
England/MILK-2F73BD5/2021|BA.1|2021-12-17	E07000062	2021-12-17	1
England/DHSC-CYY7QS6/2022|BA.1|2022-01-31	E07000084	2022-01-31	3
England/MILK-3422CCB/2022|BA.1|2022-01-25	E07000069	2022-01-25	3
England/MILK-33119D8/2022|BA.1|2022-01-17	E07000069	2022-01-17	3
England/PLYM-3029994/2021|BA.1|2021-12-27	E06000023	2021-12-27	2
England/MILK-2EA5A1A/2021|BA.1|2021-12-14	E07000228	2021-12-14	1
England/QEUH-33F356F/2022|BA.1|2022-01-22	E07000122	2022-01-22	3
England/MILK-32A710D/2022|BA.1|2022-01-15	E08000015	2022-01-15	2
England/ALDP-306C69E/2021|BA.1|2021-12-29	E08000003	2021-12-29	2
England/QEUH-2F46519/2021|BA.1|2021-12-18	E06000011	2021-12-18	1
England/MILK-2F11CF4/2021|BA.1|2021-12-16	E09000028	2021-12-16	1
England/PLYM-336CC7B/2022|BA.1|2022-01-20	E07000083	2022-01-20	3
England/PLYM-347EAD5/2022|BA.1|2022-01-28	E07000081	2022-01-28	3
England/MILK-337A23C/2022|BA.1|2022-01-20	E07000083	2022-01-20	3
England/MILK-2FB9D55/2021|BA.1|2021-12-21	E09000014	2021-12-21	1
England/MILK-2F56473/2021|BA.1|2021-12-16	E07000099	2021-12-16	1
England/ALDP-2F04B24/2021|BA.1|2021-12-16	E08000012	2021-12-16	1
England/MILK-2F0F35E/2021|BA.1|2021-12-16	E09000022	2021-12-16	1
England/QEUH-2FA3DC7/2021|BA.1|2021-12-20	E08000018	2021-12-20	1
England/BRBR-2EA8CF3/2021|BA.1|2021-12-13	E09000021	2021-12-13	1
England/MILK-2F6CEB8/2021|BA.1|2021-12-19	E07000241	2021-12-19	1
England/LSPA-3478FBE/2022|BA.1|2022-01-25	E07000154	2022-01-25	3
England/LSPA-350EABB/2022|BA.1|2022-01-30	E08000025	2022-01-30	3
England/DHSC-CYY1GF9/2022|BA.1|2022-01-30	E07000225	2022-01-30	3
England/MILK-337F4AA/2022|BA.1|2022-01-21	E07000154	2022-01-21	3
England/LSPA-34DC6E0/2022|BA.1|2022-01-29	E07000154	2022-01-29	3
England/MILK-31E617C/2022|BA.1|2022-01-10	E07000238	2022-01-10	2
England/MILK-33257C8/2022|BA.1|2022-01-18	E07000154	2022-01-18	3
England/MILK-32F7F22/2022|BA.1|2022-01-17	E07000154	2022-01-17	3
England/LSPA-34B6549/2022|BA.1|2022-01-26	E07000154	2022-01-26	3
England/LSPA-352F674/2022|BA.1|2022-01-31	E07000154	2022-01-31	3
England/MILK-33EAB1E/2022|BA.1|2022-01-23	E08000026	2022-01-23	3
England/LSPA-33F58EC/2022|BA.1|2022-01-22	E07000154	2022-01-22	3
England/MILK-340702A/2022|BA.1|2022-01-23	E09000030	2022-01-23	3
England/MILK-31AF77D/2022|BA.1|2022-01-08	E07000154	2022-01-08	2
England/MILK-31EC941/2022|BA.1|2022-01-11	E07000154	2022-01-11	2
England/LSPA-3277BCC/2022|BA.1|2022-01-11	E07000220	2022-01-11	2
England/MILK-33BAF39/2022|BA.1|2022-01-23	E07000154	2022-01-23	3
England/LSPA-30660B4/2021|BA.1|2021-12-23	E07000131	2021-12-23	1
England/MILK-2F88E98/2021|BA.1|2021-12-20	E09000014	2021-12-20	1
England/ALDP-2F3BF82/2021|BA.1|2021-12-17	E08000019	2021-12-17	1
England/QEUH-2FDBC32/2021|BA.1|2021-12-24	E07000038	2021-12-24	1
England/MILK-2F7EBE9/2021|BA.1|2021-12-18	E09000008	2021-12-18	1
England/MILK-2EF591E/2021|BA.1|2021-12-15	E07000112	2021-12-15	1
England/MILK-2F57C2F/2021|BA.1|2021-12-17	E07000148	2021-12-17	1
England/MILK-2FB75F5/2021|BA.1|2021-12-19	E09000027	2021-12-19	1
England/MILK-2F78253/2021|BA.1|2021-12-18	E06000024	2021-12-18	1
England/MILK-2FB70A9/2021|BA.1|2021-12-21	E07000155	2021-12-21	1
England/QEUH-3147452/2022|BA.1|2022-01-03	E08000019	2022-01-03	2
England/DHSC-CYBH3GI/2022|BA.1|2022-01-03	E06000057	2022-01-03	2
England/LSPA-34C0E9C/2022|BA.1|2022-01-27	E07000150	2022-01-27	3
England/LSPA-33FD69F/2022|BA.1|2022-01-22	E07000148	2022-01-22	3
England/MILK-311919E/2022|BA.1|2022-01-02	E06000060	2022-01-02	2
England/MILK-322A278/2022|BA.1|2022-01-12	E09000031	2022-01-12	2
England/DHSC-CYDUZJB/2021|BA.1|2021-12-20	E07000215	2021-12-20	1
England/MILK-32766BD/2022|BA.1|2022-01-14	E06000058	2022-01-14	2
England/LSPA-3424FEE/2022|BA.1|2022-01-24	E07000152	2022-01-24	3
England/MILK-331BCD5/2022|BA.1|2022-01-19	E07000010	2022-01-19	3
England/MILK-331BE1B/2022|BA.1|2022-01-19	E07000010	2022-01-19	3
England/LSPA-34B6637/2022|BA.1|2022-01-26	E07000008	2022-01-26	3
England/NORW-31051BC/2021|BA.1|2021-12-14	E09000002	2021-12-14	1
England/MILK-2F11A72/2021|BA.1|2021-12-15	E09000013	2021-12-15	1
England/MILK-30105F6/2021|BA.1|2021-12-27	E07000154	2021-12-27	2
England/MILK-2EECB50/2021|BA.1|2021-12-15	E07000070	2021-12-15	1
England/PLYM-31B7DAD/2022|BA.1|2022-01-08	E07000088	2022-01-08	2
England/DHSC-CYDEZA3/2021|BA.1|2021-12-21	E09000026	2021-12-21	1
England/MILK-2F48465/2021|BA.1|2021-12-15	E09000028	2021-12-15	1
England/MILK-331DDA3/2022|BA.1|2022-01-17	E07000245	2022-01-17	3
England/MILK-2E09D75/2021|BA.1|2021-12-10	E09000004	2021-12-10	1
England/ARCH-002642B3/2022|BA.1|2022-01-15	E07000131	2022-01-15	2
England/MILK-327335F/2022|BA.1|2022-01-13	E07000071	2022-01-13	2
England/MILK-31E530E/2022|BA.1|2022-01-10	E07000071	2022-01-10	2
England/BRBR-31F8E61/2022|BA.1|2022-01-07	E07000228	2022-01-07	2
England/MILK-2F0BDBE/2021|BA.1|2021-12-16	E09000032	2021-12-16	1
England/MILK-349B252/2022|BA.1|2022-01-29	E07000242	2022-01-29	3
England/BRBR-314856D/2021|BA.1|2021-12-31	E06000046	2021-12-31	2
England/ALDP-33D824B/2022|BA.1|2022-01-22	E08000017	2022-01-22	3
England/QEUH-32F666A/2022|BA.1|2022-01-14	E08000033	2022-01-14	2
England/ALDP-309D96E/2021|BA.1|2021-12-31	E08000015	2021-12-31	2
England/MILK-31E11F9/2022|BA.1|2022-01-10	E06000042	2022-01-10	2
England/MILK-331FCE0/2022|BA.1|2022-01-18	E06000042	2022-01-18	3
England/MILK-34B7C8F/2022|BA.1|2022-01-31	E06000042	2022-01-31	3
England/MILK-344C715/2022|BA.1|2022-01-27	E06000042	2022-01-27	3
England/BRBR-34533BD/2022|BA.1|2022-01-25	E06000038	2022-01-25	3
England/MILK-33136A2/2022|BA.1|2022-01-17	E09000028	2022-01-17	3
England/ALDP-3394524/2022|BA.1|2022-01-20	E08000001	2022-01-20	3
England/LSPA-2FBED14/2021|BA.1|2021-12-20	E07000012	2021-12-20	1
England/MILK-31C94C1/2022|BA.1|2022-01-09	E06000030	2022-01-09	2
England/MILK-2E9A08F/2021|BA.1|2021-12-13	E09000007	2021-12-13	1
England/PHWC-PGJ8JI/2021|BA.1|2021-12-14	E06000050	2021-12-14	1
England/BRBR-3266DF7/2022|BA.1|2022-01-13	E07000224	2022-01-13	2
England/MILK-334680A/2022|BA.1|2022-01-19	E09000004	2022-01-19	3
England/MILK-2F981BA/2021|BA.1|2021-12-20	E09000019	2021-12-20	1
England/PLYM-332C891/2022|BA.1|2022-01-18	E06000058	2022-01-18	3
England/PLYM-312BABC/2022|BA.1|2022-01-04	E06000058	2022-01-04	2
England/PLYM-34C012A/2022|BA.1|2022-01-30	E06000054	2022-01-30	3
England/PLYM-3224715/2022|BA.1|2022-01-10	E06000058	2022-01-10	2
England/DHSC-CYDCXFY/2022|BA.1|2022-01-14	E08000024	2022-01-14	2
England/PHEC-3X0BAX22/2021|BA.1|2021-12-19	E09000007	2021-12-19	1
England/MILK-34C0A01/2022|BA.1|2022-01-30	E09000004	2022-01-30	3
England/MILK-32D054B/2022|BA.1|2022-01-16	E07000063	2022-01-16	3
England/ALDP-32DDDBF/2022|BA.1|2022-01-15	E07000197	2022-01-15	2
England/ALDP-34B74B4/2022|BA.1|2022-01-29	E08000012	2022-01-29	3
England/ALDP-335B310/2022|BA.1|2022-01-19	E07000246	2022-01-19	3
England/DHSC-CYDU561/2022|BA.1|2022-01-19	E06000049	2022-01-19	3
England/DHSC-CYBCYTA/2022|BA.1|2022-01-11	E08000015	2022-01-11	2
England/BRBR-2ECFC6F/2021|BA.1|2021-12-14	E07000177	2021-12-14	1
England/MILK-33C5988/2022|BA.1|2022-01-23	E08000026	2022-01-23	3
England/DHSC-CYYQ7TA/2022|BA.1|2022-01-04	E07000133	2022-01-04	2
England/BRBR-30DA604/2022|BA.1|2022-01-01	E06000016	2022-01-01	2
England/ALDP-33A68AE/2022|BA.1|2022-01-21	E07000142	2022-01-21	3
England/LSPA-33773E1/2022|BA.1|2022-01-19	E07000219	2022-01-19	3
England/MILK-3314489/2022|BA.1|2022-01-18	E07000176	2022-01-18	3
England/BRBR-33209B8/2022|BA.1|2022-01-18	E07000084	2022-01-18	3
England/LSPA-32AB127/2022|BA.1|2022-01-14	E07000194	2022-01-14	2
England/NORT-YB1FGJ/2022|BA.1|2022-01-03	E07000132	2022-01-03	2
England/DHSC-CYDZKCY/2022|BA.1|2022-01-19	E06000016	2022-01-19	3
England/LSPA-33FD7E7/2022|BA.1|2022-01-21	E06000031	2022-01-21	3
England/LSPA-33FD95A/2022|BA.1|2022-01-21	E06000031	2022-01-21	3
England/LSPA-33FD7C9/2022|BA.1|2022-01-21	E06000031	2022-01-21	3
England/LSPA-328ADFD/2022|BA.1|2022-01-11	E06000031	2022-01-11	2
England/MILK-301015C/2021|BA.1|2021-12-27	E07000150	2021-12-27	2
England/ALDP-2EA891A/2021|BA.1|2021-12-10	E08000025	2021-12-10	1
England/ALDP-339E399/2022|BA.1|2022-01-20	E07000220	2022-01-20	3
England/QEUH-3460C49/2022|BA.1|2022-01-26	E08000014	2022-01-26	3
England/ALDP-330CE95/2022|BA.1|2022-01-18	E08000026	2022-01-18	3
England/PHWC-PGIOKT/2021|BA.1|2021-12-26	E06000025	2021-12-26	2
England/PLYM-2EAF746/2021|BA.1|2021-12-14	E07000091	2021-12-14	1
England/BRBR-2E9336F/2021|BA.1|2021-12-11	E07000215	2021-12-11	1
England/LSPA-2F8819F/2021|BA.1|2021-12-15	E07000153	2021-12-15	1
England/ALDP-32D7957/2022|BA.1|2022-01-15	E06000049	2022-01-15	2
England/MILK-2FA9C00/2021|BA.1|2021-12-20	E09000008	2021-12-20	1
England/MILK-2ED0937/2021|BA.1|2021-12-14	E09000023	2021-12-14	1
England/MILK-2F0C755/2021|BA.1|2021-12-13	E06000013	2021-12-13	1
England/MILK-32FD108/2022|BA.1|2022-01-17	E07000068	2022-01-17	3
England/MILK-3292CC8/2022|BA.1|2022-01-14	E06000034	2022-01-14	2
England/NEWC-3151F54/2022|BA.1|2022-01-06	E08000023	2022-01-06	2
England/MILK-34197E4/2022|BA.1|2022-01-25	E07000209	2022-01-25	3
England/MILK-3292DB6/2022|BA.1|2022-01-14	E09000026	2022-01-14	2
England/MILK-33B9091/2022|BA.1.13|2022-01-23	E07000098	2022-01-23	3
England/BRBR-33A3C4B/2022|BA.1|2022-01-22	E07000209	2022-01-22	3
England/MILK-2F0ED15/2021|BA.1|2021-12-16	E06000036	2021-12-16	1
England/QEUH-2F53616/2021|BA.1|2021-12-17	E08000032	2021-12-17	1
England/BRBR-324B666/2022|BA.1|2022-01-11	E07000226	2022-01-11	2
England/LSPA-34BA448/2022|BA.1|2022-01-27	E07000149	2022-01-27	3
England/MILK-335D0BD/2022|BA.1|2022-01-18	E09000025	2022-01-18	3
England/QEUH-321451E/2022|BA.1|2022-01-10	E06000049	2022-01-10	2
England/MILK-302C014/2021|BA.1|2021-12-27	E09000026	2021-12-27	2
England/DHSC-CYB1M8I/2021|BA.1|2021-12-22	E09000024	2021-12-22	1
England/QEUH-337BE55/2022|BA.1|2022-01-19	E06000014	2022-01-19	3
England/MILK-30503A5/2021|BA.1|2021-12-29	E07000065	2021-12-29	2
England/DHSC-CYDW8ET/2022|BA.1|2022-01-31	E08000017	2022-01-31	3
England/MILK-2F5FF00/2021|BA.1|2021-12-17	E09000002	2021-12-17	1
England/ALDP-3042B26/2021|BA.1|2021-12-28	E08000001	2021-12-28	2
England/BRBR-303FD17/2021|BA.1|2021-12-26	E09000027	2021-12-26	2
England/MILK-33F9745/2022|BA.1|2022-01-25	E09000008	2022-01-25	3
England/DHSC-CYYQDGJ/2022|BA.1|2022-01-30	E07000207	2022-01-30	3
England/LSPA-347C05D/2022|BA.1|2022-01-24	E08000031	2022-01-24	3
England/ALDP-3477F73/2022|BA.1|2022-01-27	E07000122	2022-01-27	3
England/MILK-309574E/2022|BA.1|2022-01-02	E06000035	2022-01-02	2
England/DHSC-CYN9DPS/2021|BA.1|2021-12-23	E09000008	2021-12-23	1
England/MILK-327C110/2022|BA.1|2022-01-14	E09000009	2022-01-14	2
England/MILK-2F10017/2021|BA.1|2021-12-16	E07000067	2021-12-16	1
England/MILK-2FAC63C/2021|BA.1|2021-12-20	E09000033	2021-12-20	1
England/MILK-2F57FDB/2021|BA.1|2021-12-17	E09000032	2021-12-17	1
England/MILK-2FEE319/2021|BA.1|2021-12-26	E08000027	2021-12-26	2
England/MILK-2F11F64/2021|BA.1|2021-12-16	E09000024	2021-12-16	1
England/MILK-300FB70/2021|BA.1|2021-12-26	E09000005	2021-12-26	2
England/MILK-2E798AC/2021|BA.1|2021-12-13	E09000002	2021-12-13	1
England/ALDP-3070907/2021|BA.1|2021-12-29	E08000028	2021-12-29	2
England/MILK-324BBFE/2022|BA.1|2022-01-12	E06000060	2022-01-12	2
England/LSPA-3211520/2022|BA.1|2022-01-09	E08000029	2022-01-09	2
England/PHEC-3Y034YC2/2021|BA.1|2021-12-18	E07000142	2021-12-18	1
England/QEUH-2FEC885/2021|BA.1|2021-12-24	E06000014	2021-12-24	1
England/ALDP-34CB2B3/2022|BA.1|2022-01-30	E06000014	2022-01-30	3
England/QEUH-3211DDD/2022|BA.1|2022-01-11	E08000034	2022-01-11	2
England/ALDP-3231C07/2022|BA.1|2022-01-11	E08000015	2022-01-11	2
England/PLYM-3117C17/2021|BA.1|2021-12-31	E07000091	2021-12-31	2
England/DHSC-CYDW9JZ/2022|BA.1|2022-01-15	E06000018	2022-01-15	2
England/ALDP-34925E9/2022|BA.1|2022-01-28	E08000034	2022-01-28	3
England/ALDP-33CE9CB/2022|BA.1|2022-01-22	E08000017	2022-01-22	3
England/QEUH-32D154A/2022|BA.1|2022-01-15	E06000014	2022-01-15	2
England/NEWC-32E4210/2022|BA.1|2022-01-14	E08000018	2022-01-14	2
England/ALDP-34C4153/2022|BA.1|2022-01-29	E08000005	2022-01-29	3
England/LSPA-342E9E6/2022|BA.1|2022-01-24	E07000143	2022-01-24	3
England/ALDP-32C1D27/2022|BA.1|2022-01-15	E07000219	2022-01-15	2
England/MILK-3107254/2022|BA.1|2022-01-04	E07000150	2022-01-04	2
England/MILK-30D4D50/2022|BA.1|2022-01-01	E06000030	2022-01-01	2
England/MILK-32D06EE/2022|BA.1|2022-01-16	E09000016	2022-01-16	3
England/PLYM-2FBD10A/2021|BA.1|2021-12-22	E06000054	2021-12-22	1
England/ALDP-2EFFB5A/2021|BA.1|2021-12-15	E09000008	2021-12-15	1
England/MILK-2F20F71/2021|BA.1|2021-12-14	E09000032	2021-12-14	1
England/LSPA-3095FEC/2021|BA.1|2021-12-29	E07000219	2021-12-29	2
England/BRBR-3190C07/2022|BA.1|2022-01-05	E07000211	2022-01-05	2
England/BRBR-33B401E/2022|BA.1|2022-01-22	E07000114	2022-01-22	3
England/BRBR-30F1A65/2021|BA.1|2021-12-31	E07000086	2021-12-31	2
England/LSPA-3063C68/2021|BA.1|2021-12-28	E08000029	2021-12-28	2
England/DHSC-CYB3EWX/2021|BA.1|2021-12-27	E08000005	2021-12-27	2
England/ALDP-30924A4/2021|BA.1|2021-12-31	E06000011	2021-12-31	2
England/MILK-323A4BB/2022|BA.1|2022-01-12	E07000088	2022-01-12	2
England/LSPA-34DC404/2022|BA.1|2022-01-29	E07000154	2022-01-29	3
England/ALDP-32DD9E8/2022|BA.1|2022-01-15	E07000197	2022-01-15	2
England/MILK-32719C8/2022|BA.1|2022-01-13	E09000008	2022-01-13	2
England/MILK-33EF6BE/2022|BA.1|2022-01-24	E09000004	2022-01-24	3
England/MILK-3251A25/2022|BA.1|2022-01-13	E09000006	2022-01-13	2
England/BRBR-332678B/2022|BA.1|2022-01-18	E06000038	2022-01-18	3
England/MILK-3312BD1/2022|BA.1|2022-01-16	E09000027	2022-01-16	3
England/BRBR-2F3D533/2021|BA.1|2021-12-17	E09000032	2021-12-17	1
England/DHSC-CYYQ1DY/2022|BA.1|2022-01-29	E07000106	2022-01-29	3
England/MILK-32FBD24/2022|BA.1|2022-01-17	E07000106	2022-01-17	3
England/MILK-31F6BB7/2022|BA.1|2022-01-10	E07000106	2022-01-10	2
England/MILK-3179F65/2022|BA.1|2022-01-06	E07000244	2022-01-06	2
England/LSPA-31F93CB/2022|BA.1|2022-01-09	E07000012	2022-01-09	2
England/LSPA-31FC1FB/2022|BA.1|2022-01-08	E07000009	2022-01-08	2
England/ALDP-323CBD2/2022|BA.1|2022-01-10	E07000235	2022-01-10	2
England/MILK-3116B0C/2022|BA.1|2022-01-04	E06000030	2022-01-04	2
England/BRBR-2EA8B05/2021|BA.1|2021-12-13	E09000032	2021-12-13	1
England/MILK-331D2B3/2022|BA.1|2022-01-18	E06000055	2022-01-18	3
England/MILK-3077B19/2021|BA.1|2021-12-31	E07000131	2021-12-31	2
England/MILK-2FA4C6F/2021|BA.1|2021-12-20	E09000002	2021-12-20	1
England/ALDP-312A8C2/2022|BA.1|2022-01-02	E08000028	2022-01-02	2
England/BRBR-31D94EC/2022|BA.1|2022-01-08	E06000036	2022-01-08	2
England/MILK-337ADB3/2022|BA.1|2022-01-20	E09000008	2022-01-20	3
England/PLYM-2FA4EC3/2021|BA.1|2021-12-20	E07000246	2021-12-20	1
England/MILK-327C9AF/2022|BA.1|2022-01-14	E07000102	2022-01-14	2
England/PHEC-4G06AZ18/2021|BA.1|2021-12-27	E09000028	2021-12-27	2
England/PLYM-3431142/2022|BA.1|2022-01-25	E06000025	2022-01-25	3
England/BRBR-34046A3/2022|BA.1|2022-01-23	E07000064	2022-01-23	3
England/MILK-32CC050/2022|BA.1|2022-01-16	E07000062	2022-01-16	3
England/MILK-31AC084/2022|BA.1|2022-01-07	E09000022	2022-01-07	2
England/QEUH-319D341/2022|BA.1|2022-01-04	E08000036	2022-01-04	2
England/HSLL-329DFE2/2022|BA.1|2022-01-14	E09000025	2022-01-14	2
England/MILK-333D305/2022|BA.1|2022-01-19	E09000020	2022-01-19	3
England/MILK-311E1C6/2022|BA.1|2022-01-04	E09000006	2022-01-04	2
England/QEUH-30FF52A/2022|BA.1|2022-01-02	E06000011	2022-01-02	2
England/MILK-2F82AF4/2021|BA.1|2021-12-19	E06000023	2021-12-19	1
England/PLYM-3226E0F/2022|BA.1|2022-01-11	E06000059	2022-01-11	2
England/LSPA-3174322/2022|BA.1|2022-01-06	E07000238	2022-01-06	2
England/ALDP-33A2AD9/2022|BA.1|2022-01-21	E08000034	2022-01-21	3
England/MILK-3341E85/2022|BA.1|2022-01-17	E08000031	2022-01-17	3
England/LSPA-329FA1C/2022|BA.1|2022-01-14	E07000144	2022-01-14	2
England/MILK-33CAB32/2022|BA.1|2022-01-23	E07000144	2022-01-23	3
England/MILK-3414619/2022|BA.1|2022-01-25	E07000144	2022-01-25	3
England/LSPA-33FDA75/2022|BA.1|2022-01-22	E07000144	2022-01-22	3
England/LSPA-33681F8/2022|BA.1|2022-01-19	E07000144	2022-01-19	3
England/MILK-3422C16/2022|BA.1|2022-01-25	E07000143	2022-01-25	3
England/LSPA-3513743/2022|BA.1|2022-01-30	E07000144	2022-01-30	3
England/LSPA-3505076/2022|BA.1|2022-01-30	E07000144	2022-01-30	3
England/LSPA-31E5C7C/2022|BA.1|2022-01-06	E06000031	2022-01-06	2
England/LSPA-35117FA/2022|BA.1|2022-01-31	E09000006	2022-01-31	3
England/BRBR-346732F/2022|BA.1|2022-01-26	E07000215	2022-01-26	3
England/MILK-34362FF/2022|BA.1|2022-01-25	E09000005	2022-01-25	3
England/MILK-344D69F/2022|BA.1|2022-01-26	E07000228	2022-01-26	3
England/MILK-2F7CA48/2021|BA.1|2021-12-19	E09000008	2021-12-19	1
England/BRBR-2F5B9BB/2021|BA.1|2021-12-18	E09000028	2021-12-18	1
England/MILK-331DB4F/2022|BA.1|2022-01-17	E09000010	2022-01-17	3
England/MILK-303C0C6/2021|BA.1|2021-12-28	E09000015	2021-12-28	2
England/LSPA-31E31E8/2022|BA.1|2022-01-06	E07000011	2022-01-06	2
England/MILK-3357C0A/2022|BA.1|2022-01-18	E09000017	2022-01-18	3
England/MILK-349166F/2022|BA.1|2022-01-29	E06000060	2022-01-29	3
England/MILK-303B012/2021|BA.1|2021-12-28	E09000022	2021-12-28	2
England/BRBR-3401BE3/2022|BA.1|2022-01-24	E07000098	2022-01-24	3
England/MILK-3325546/2022|BA.1|2022-01-18	E07000102	2022-01-18	3
England/MILK-34ACE2D/2022|BA.1|2022-01-29	E07000103	2022-01-29	3
England/PLYM-2ED801C/2021|BA.1|2021-12-15	E07000091	2021-12-15	1
England/PLYM-34845DB/2022|BA.1|2022-01-28	E06000026	2022-01-28	3
England/ALDP-33BF3FC/2022|BA.1|2022-01-21	E06000051	2022-01-21	3
England/ALDP-3233AA1/2022|BA.1|2022-01-11	E07000197	2022-01-11	2
England/LSPA-2F88320/2021|BA.1|2021-12-15	E07000154	2021-12-15	1
England/DHSC-CYB9EHU/2021|BA.1|2021-12-20	E09000029	2021-12-20	1
England/MILK-30E9541/2022|BA.1|2022-01-03	E07000110	2022-01-03	2
England/DHSC-CYNZQHH/2022|BA.1|2022-01-31	E07000065	2022-01-31	3
England/BRBR-3376977/2022|BA.1|2022-01-20	E07000207	2022-01-20	3
England/ALDP-322E6E1/2022|BA.1|2022-01-11	E07000122	2022-01-11	2
England/BRBR-3393FAF/2022|BA.1|2022-01-21	E07000094	2022-01-21	3
England/ALDP-302FCE0/2021|BA.1|2021-12-23	E07000171	2021-12-23	1
England/MILK-2F10008/2021|BA.1|2021-12-16	E09000002	2021-12-16	1
England/MILK-2F84421/2021|BA.1|2021-12-20	E09000031	2021-12-20	1
England/MILK-33C386F/2022|BA.1|2022-01-22	E08000029	2022-01-22	3
England/LSPA-3001006/2021|BA.1|2021-12-21	E06000025	2021-12-21	1
England/BRBR-321AA0A/2022|BA.1|2022-01-11	E07000085	2022-01-11	2
England/MILK-327CCD3/2022|BA.1|2022-01-14	E06000022	2022-01-14	2
England/LSPA-3277B53/2022|BA.1|2022-01-10	E07000194	2022-01-10	2
England/LSPA-328A100/2022|BA.1|2022-01-10	E07000196	2022-01-10	2
England/MILK-349A709/2022|BA.1|2022-01-29	E07000099	2022-01-29	3
England/MILK-3498D18/2022|BA.1|2022-01-29	E07000099	2022-01-29	3
England/ALDP-333A5A8/2022|BA.1|2022-01-18	E08000031	2022-01-18	3
England/ALDP-31CE611/2022|BA.1|2022-01-08	E08000031	2022-01-08	2
England/LSPA-34304C2/2022|BA.1|2022-01-25	E07000197	2022-01-25	3
England/MILK-3275E98/2022|BA.1|2022-01-13	E06000058	2022-01-13	2
England/MILK-349996E/2022|BA.1|2022-01-28	E09000015	2022-01-28	3
England/MILK-30060B6/2021|BA.1|2021-12-22	E07000143	2021-12-22	1
England/MILK-2F8992D/2021|BA.1|2021-12-18	E07000098	2021-12-18	1
England/ALDP-3234E59/2022|BA.1|2022-01-11	E07000197	2022-01-11	2
England/ALDP-3486C10/2022|BA.1|2022-01-28	E06000021	2022-01-28	3
England/PLYM-332B66B/2022|BA.1|2022-01-18	E07000079	2022-01-18	3
England/PLYM-3330241/2022|BA.1|2022-01-18	E06000025	2022-01-18	3
England/ALDP-32A1D96/2022|BA.1|2022-01-14	E08000003	2022-01-14	2
England/ALDP-323AA7D/2022|BA.1|2022-01-10	E06000014	2022-01-10	2
England/PHWC-PGTXCS/2021|BA.1|2021-12-16	E06000023	2021-12-16	1
England/MILK-2F55F37/2021|BA.1|2021-12-17	E09000019	2021-12-17	1
England/MILK-2F1166F/2021|BA.1|2021-12-16	E09000003	2021-12-16	1
England/MILK-304D6C0/2021|BA.1|2021-12-29	E09000003	2021-12-29	2
England/ALDP-320DF47/2022|BA.1|2022-01-08	E08000009	2022-01-08	2
England/MILK-3047E64/2021|BA.1|2021-12-29	E06000056	2021-12-29	2
England/MILK-3060287/2021|BA.1|2021-12-29	E06000056	2021-12-29	2
England/MILK-2F76237/2021|BA.1|2021-12-19	E07000246	2021-12-19	1
England/ALDP-2FF6AA0/2021|BA.1|2021-12-20	E06000012	2021-12-20	1
England/MILK-32F2DD2/2022|BA.1|2022-01-17	E09000014	2022-01-17	3
England/LSPA-351588A/2022|BA.1|2022-01-31	E07000171	2022-01-31	3
England/BRBR-33BAE78/2022|BA.1|2022-01-23	E06000045	2022-01-23	3
England/LSPA-3268E10/2022|BA.1|2022-01-10	E08000032	2022-01-10	2
England/BRBR-321D25A/2022|BA.1|2022-01-10	E06000045	2022-01-10	2
England/MILK-324181F/2022|BA.1|2022-01-12	E07000207	2022-01-12	2
England/ALDP-3334975/2022|BA.1|2022-01-18	E06000051	2022-01-18	3
England/MILK-3386051/2022|BA.1|2022-01-21	E07000110	2022-01-21	3
England/MILK-30C8E4D/2022|BA.1|2022-01-01	E07000090	2022-01-01	2
England/MILK-2E725CA/2021|BA.1|2021-12-13	E06000036	2021-12-13	1
England/LSPA-2F5CB4B/2021|BA.1|2021-12-14	E06000031	2021-12-14	1
England/QEUH-32D046C/2022|BA.1|2022-01-16	E06000012	2022-01-16	3
England/QEUH-3243015/2022|BA.1|2022-01-09	E08000035	2022-01-09	2
England/MILK-2EA319F/2021|BA.1|2021-12-13	E07000072	2021-12-13	1
England/PLYM-2F34BC1/2021|BA.1|2021-12-14	E06000023	2021-12-14	1
England/QEUH-2F6D3C7/2021|BA.1|2021-12-16	E08000012	2021-12-16	1
England/ALDP-2F36A3B/2021|BA.1|2021-12-17	E08000025	2021-12-17	1
England/LSPA-302B30D/2021|BA.1|2021-12-24	E08000025	2021-12-24	1
England/BRBR-339186A/2022|BA.1|2022-01-21	E06000046	2022-01-21	3
England/BRBR-3391B9E/2022|BA.1|2022-01-20	E06000046	2022-01-20	3
England/LSPA-2FF24E2/2021|BA.1|2021-12-24	E08000025	2021-12-24	1
England/PLYM-2FDE9FC/2021|BA.1|2021-12-23	E07000042	2021-12-23	1
England/MILK-322E11D/2022|BA.1|2022-01-12	E09000028	2022-01-12	2
England/MILK-3287DD2/2022|BA.1|2022-01-14	E09000009	2022-01-14	2
England/DHSC-CYBT3X3/2021|BA.1|2021-12-20	E09000033	2021-12-20	1
England/MILK-303BCF0/2021|BA.1|2021-12-28	E09000003	2021-12-28	2
England/MILK-2F1B98A/2021|BA.1|2021-12-16	E07000068	2021-12-16	1
England/MILK-2F82F04/2021|BA.1|2021-12-19	E07000068	2021-12-19	1
England/MILK-2F88D13/2021|BA.1|2021-12-20	E06000032	2021-12-20	1
England/BRBR-2EA8C02/2021|BA.1|2021-12-13	E07000179	2021-12-13	1
England/MILK-2F86771/2021|BA.1|2021-12-19	E09000007	2021-12-19	1
England/DHSC-CYYSFBY/2021|BA.1|2021-12-20	E09000009	2021-12-20	1
England/MILK-31935EB/2022|BA.1|2022-01-06	E07000076	2022-01-06	2
England/MILK-2F20CF2/2021|BA.1|2021-12-15	E07000071	2021-12-15	1
England/BRBR-31DB453/2022|BA.1|2022-01-09	E09000027	2022-01-09	2
England/MILK-34B305A/2022|BA.1|2022-01-29	E07000103	2022-01-29	3
England/BRBR-2F43C26/2021|BA.1|2021-12-15	E06000043	2021-12-15	1
England/MILK-2F730F4/2021|BA.1|2021-12-19	E07000213	2021-12-19	1
England/BRBR-2F64F44/2021|BA.1|2021-12-18	E09000029	2021-12-18	1
England/MILK-320F9A1/2022|BA.1|2022-01-11	E09000002	2022-01-11	2
England/MILK-320F77A/2022|BA.1|2022-01-11	E09000002	2022-01-11	2
England/MILK-32936E7/2022|BA.1|2022-01-14	E07000207	2022-01-14	2
England/MILK-3394D3B/2022|BA.1|2022-01-21	E09000025	2022-01-21	3
England/BRBR-347BBD5/2022|BA.1|2022-01-28	E07000096	2022-01-28	3
England/LSPA-2F8BE2C/2021|BA.1|2021-12-16	E09000011	2021-12-16	1
England/MILK-3027AFD/2021|BA.1|2021-12-26	E07000107	2021-12-26	2
England/MILK-3388A42/2022|BA.1|2022-01-21	E09000002	2022-01-21	3
England/HSLL-345DD1F/2022|BA.1|2022-01-26	E09000014	2022-01-26	3
England/HSLL-34A70C2/2022|BA.1|2022-01-29	E09000014	2022-01-29	3
England/MILK-32CD08C/2022|BA.1|2022-01-14	E09000013	2022-01-14	2
England/MILK-323F54A/2022|BA.1|2022-01-11	E09000022	2022-01-11	2
England/QEUH-31A1641/2022|BA.1|2022-01-06	E06000012	2022-01-06	2
England/MILK-31C3FE4/2022|BA.1|2022-01-09	E07000113	2022-01-09	2
England/DHSC-CYBMIBG/2021|BA.1|2021-12-20	E07000209	2021-12-20	1
England/BRBR-31FE29C/2022|BA.1|2022-01-08	E09000006	2022-01-08	2
England/BRBR-31DB65D/2022|BA.1|2022-01-09	E09000006	2022-01-09	2
England/BRBR-31DB462/2022|BA.1|2022-01-09	E09000006	2022-01-09	2
England/MILK-328868B/2022|BA.1|2022-01-14	E07000193	2022-01-14	2
England/LSPA-321BFA0/2022|BA.1|2022-01-09	E08000029	2022-01-09	2
England/LSPA-32114AB/2022|BA.1|2022-01-09	E08000025	2022-01-09	2
England/LSPA-305E90F/2021|BA.1|2021-12-27	E08000027	2021-12-27	2
England/LSPA-309D069/2021|BA.1|2021-12-30	E07000011	2021-12-30	2
England/MILK-30F6B9A/2022|BA.1|2022-01-03	E07000154	2022-01-03	2
England/ALDP-31C642E/2022|BA.1|2022-01-06	E06000011	2022-01-06	2
England/MILK-32CD471/2022|BA.1|2022-01-12	E06000032	2022-01-12	2
England/BRBR-2F4E863/2021|BA.1|2021-12-18	E09000008	2021-12-18	1
England/ALDP-2F6F732/2021|BA.1|2021-12-18	E08000030	2021-12-18	1
England/MILK-2F2EA18/2021|BA.1|2021-12-16	E09000007	2021-12-16	1
England/ALDP-2FC29BF/2021|BA.1|2021-12-21	E07000132	2021-12-21	1
England/PLYM-2FD31E0/2021|BA.1|2021-12-23	E07000045	2021-12-23	1
England/ALDP-327B16C/2022|BA.1|2022-01-13	E08000025	2022-01-13	2
England/MILK-31E904F/2022|BA.1|2022-01-10	E09000006	2022-01-10	2
England/QEUH-32AC3A8/2022|BA.1|2022-01-14	E08000032	2022-01-14	2
England/MILK-3292CAA/2022|BA.1|2022-01-14	E09000024	2022-01-14	2
England/ALDP-32645E2/2022|BA.1|2022-01-12	E07000197	2022-01-12	2
England/QEUH-2FE4191/2021|BA.1|2021-12-23	E08000032	2021-12-23	1
England/LSPA-3493A61/2022|BA.1|2022-01-25	E06000055	2022-01-25	3
England/LSPA-3216DAB/2022|BA.1|2022-01-07	E07000130	2022-01-07	2
England/BRBR-2F52653/2021|BA.1|2021-12-16	E07000084	2021-12-16	1
England/QEUH-2FE2D26/2021|BA.1|2021-12-20	E08000019	2021-12-20	1
England/ALDP-3297443/2022|BA.1|2022-01-13	E07000117	2022-01-13	2
England/NORT-YBI6PH/2022|BA.1|2022-01-11	E06000026	2022-01-11	2
England/PLYM-349B656/2022|BA.1|2022-01-28	E06000026	2022-01-28	3
England/ALDP-34665DF/2022|BA.1|2022-01-27	E08000010	2022-01-27	3
England/MILK-30294FD/2021|BA.1|2021-12-28	E09000016	2021-12-28	2
England/BRBR-31DBDC1/2022|BA.1|2022-01-07	E08000028	2022-01-07	2
England/MILK-2FB7540/2021|BA.1|2021-12-20	E07000152	2021-12-20	1
England/ALDP-2F71FBD/2021|BA.1|2021-12-17	E08000018	2021-12-17	1
England/MILK-32F7B3D/2022|BA.1|2022-01-17	E07000099	2022-01-17	3
England/MILK-337DAC8/2022|BA.1|2022-01-21	E07000241	2022-01-21	3
England/ALDP-30E12AC/2021|BA.1|2021-12-29	E06000022	2021-12-29	2
England/MILK-301A899/2021|BA.1|2021-12-27	E06000060	2021-12-27	2
England/PLYM-31B950D/2022|BA.1|2022-01-07	E06000022	2022-01-07	2
England/DHSC-CYYSFJO/2021|BA.1|2021-12-22	E07000216	2021-12-22	1
England/MILK-2ED604B/2021|BA.1|2021-12-15	E09000030	2021-12-15	1
England/BRBR-32A169B/2022|BA.1|2022-01-15	E06000030	2022-01-15	2
England/MILK-2F6D8AA/2021|BA.1|2021-12-16	E09000014	2021-12-16	1
England/ALDP-343E9A7/2022|BA.1|2022-01-25	E06000011	2022-01-25	3
England/DHSC-CYBRMZT/2022|BA.1|2022-01-24	E06000011	2022-01-24	3
England/PLYM-3456217/2022|BA.1|2022-01-26	E07000189	2022-01-26	3
England/MILK-3340D01/2022|BA.1|2022-01-19	E07000189	2022-01-19	3
England/BRBR-33768A7/2022|BA.1|2022-01-20	E07000065	2022-01-20	3
England/QEUH-319BF6D/2022|BA.1|2022-01-06	E06000014	2022-01-06	2
England/PLYM-3361599/2022|BA.1|2022-01-20	E06000059	2022-01-20	3
England/BRBR-33D9ECE/2022|BA.1|2022-01-23	E07000091	2022-01-23	3
England/BRBR-3396328/2022|BA.1|2022-01-21	E07000225	2022-01-21	3
England/BRBR-33F75E3/2022|BA.1|2022-01-22	E06000054	2022-01-22	3
England/PLYM-346FC2C/2022|BA.1|2022-01-26	E06000059	2022-01-26	3
England/LSPA-309C2A0/2021|BA.1|2021-12-29	E06000015	2021-12-29	2
England/LSPA-30E8B9B/2021|BA.1|2021-12-29	E07000244	2021-12-29	2
England/MILK-307A2D5/2021|BA.1|2021-12-30	E07000107	2021-12-30	2
England/MILK-3436550/2022|BA.1|2022-01-24	E09000032	2022-01-24	3
England/BRBR-31DA6D6/2022|BA.1|2022-01-06	E07000177	2022-01-06	2
England/PLYM-310A813/2022|BA.1|2022-01-04	E06000059	2022-01-04	2
England/MILK-32B1E18/2022|BA.1|2022-01-15	E09000007	2022-01-15	2
England/DHSC-CYN9C7C/2022|BA.1|2022-01-29	E07000224	2022-01-29	3
England/PHEC-YYNGOXR/2022|BA.1|2022-01-12	E09000006	2022-01-12	2
England/MILK-33778C4/2022|BA.1|2022-01-20	E07000109	2022-01-20	3
England/MILK-335D27B/2022|BA.1|2022-01-20	E07000109	2022-01-20	3
England/MILK-3386015/2022|BA.1|2022-01-21	E07000109	2022-01-21	3
England/MILK-335D035/2022|BA.1|2022-01-20	E07000109	2022-01-20	3
England/MILK-32770EB/2022|BA.1|2022-01-14	E09000006	2022-01-14	2
England/MILK-335A34E/2022|BA.1|2022-01-20	E09000006	2022-01-20	3
England/MILK-32D20EE/2022|BA.1|2022-01-16	E07000215	2022-01-16	3
England/PLYM-3220306/2022|BA.1|2022-01-11	E06000059	2022-01-11	2
England/MILK-34BF5C8/2022|BA.1|2022-01-30	E07000072	2022-01-30	3
England/MILK-34F14FA/2022|BA.1|2022-01-31	E07000200	2022-01-31	3
England/MILK-32AC8C7/2022|BA.1|2022-01-15	E07000071	2022-01-15	2
England/MILK-331545B/2022|BA.1|2022-01-18	E09000022	2022-01-18	3
England/BRBR-336785E/2022|BA.1|2022-01-20	E07000087	2022-01-20	3
England/LSPA-3000E2B/2021|BA.1|2021-12-23	E08000025	2021-12-23	1
England/LSPA-31E33D3/2022|BA.1|2022-01-06	E07000244	2022-01-06	2
England/MILK-31C72C9/2022|BA.1|2022-01-08	E07000071	2022-01-08	2
England/PLYM-3406780/2022|BA.1|2022-01-22	E06000059	2022-01-22	3
England/PLYM-32203BB/2022|BA.1|2022-01-11	E06000059	2022-01-11	2
England/MILK-2FBC5C3/2021|BA.1|2021-12-21	E07000244	2021-12-21	1
England/MILK-2E7B707/2021|BA.1|2021-12-13	E09000008	2021-12-13	1
England/ALDP-2F3686E/2021|BA.1|2021-12-17	E08000003	2021-12-17	1
England/MILK-32CFAB9/2022|BA.1|2022-01-16	E09000016	2022-01-16	3
England/MILK-32D0E13/2022|BA.1|2022-01-16	E09000016	2022-01-16	3
England/MILK-3351D85/2022|BA.1|2022-01-19	E09000016	2022-01-19	3
England/MILK-338E6EE/2022|BA.1|2022-01-21	E07000066	2022-01-21	3
England/MILK-34ACA38/2022|BA.1|2022-01-30	E07000107	2022-01-30	3
England/NEWC-32AFB25/2022|BA.1|2022-01-14	E06000004	2022-01-14	2
England/ALDP-3092028/2021|BA.1|2021-12-31	E07000038	2021-12-31	2
England/DHSC-CYNEWXO/2021|BA.1|2021-12-22	E07000211	2021-12-22	1
England/PLYM-336EC5B/2022|BA.1|2022-01-19	E06000059	2022-01-19	3
England/BRBR-33AA87D/2022|BA.1|2022-01-21	E07000091	2022-01-21	3
England/PLYM-332FD35/2022|BA.1|2022-01-17	E06000059	2022-01-17	3
England/LSPA-34E1DC5/2022|BA.1|2022-01-29	E07000144	2022-01-29	3
England/MILK-34D6F54/2022|BA.1|2022-01-31	E07000200	2022-01-31	3
England/HSLL-2EAC882/2021|BA.1|2021-12-12	E09000007	2021-12-12	1
England/MILK-3109DE8/2022|BA.1|2022-01-04	E07000242	2022-01-04	2
England/MILK-31537A5/2022|BA.1|2022-01-04	E07000200	2022-01-04	2
England/MILK-32D1EC7/2022|BA.1|2022-01-16	E07000115	2022-01-16	3
England/MILK-33F9AF1/2022|BA.1|2022-01-24	E07000108	2022-01-24	3
England/MILK-314F047/2022|BA.1|2022-01-06	E06000035	2022-01-06	2
England/ALDP-329FFFF/2022|BA.1|2022-01-14	E08000027	2022-01-14	2
England/PLYM-339A658/2022|BA.1|2022-01-21	E07000246	2022-01-21	3
England/MILK-3344A42/2022|BA.1|2022-01-19	E07000246	2022-01-19	3
England/LSPA-342EC47/2022|BA.1|2022-01-25	E08000026	2022-01-25	3
England/MILK-3344B4F/2022|BA.1|2022-01-19	E07000246	2022-01-19	3
England/BRBR-304C45E/2021|BA.1|2021-12-28	E07000213	2021-12-28	2
England/MILK-330F4CD/2022|BA.1|2022-01-17	E09000018	2022-01-17	3
England/MILK-2EEF7D1/2021|BA.1|2021-12-15	E09000032	2021-12-15	1
England/MILK-2E7306E/2021|BA.1|2021-12-13	E09000031	2021-12-13	1
England/MILK-3063A7D/2021|BA.1|2021-12-29	E09000023	2021-12-29	2
England/MILK-3138B40/2022|BA.1|2022-01-02	E09000017	2022-01-02	2
England/MILK-31085B4/2022|BA.1|2022-01-02	E07000213	2022-01-02	2
England/MILK-30F5F53/2022|BA.1|2022-01-03	E07000116	2022-01-03	2
England/QEUH-3284D6C/2022|BA.1|2022-01-13	E08000036	2022-01-13	2
England/MILK-31E20EC/2022|BA.1|2022-01-10	E06000039	2022-01-10	2
England/BRBR-34796D6/2022|BA.1|2022-01-28	E06000060	2022-01-28	3
England/DHSC-CYD7PHO/2021|BA.1|2021-12-19	E09000008	2021-12-19	1
England/MILK-307B799/2021|BA.1|2021-12-30	E09000009	2021-12-30	2
England/ALDP-2EE10B6/2021|BA.1|2021-12-15	E07000131	2021-12-15	1
England/LSPA-2E9E249/2021|BA.1|2021-12-12	E09000011	2021-12-12	1
England/BRBR-2F34DF8/2021|BA.1|2021-12-15	E07000228	2021-12-15	1
England/BRBR-2ECDA58/2021|BA.1|2021-12-14	E09000027	2021-12-14	1
England/MILK-3341113/2022|BA.1|2022-01-19	E09000014	2022-01-19	3
England/MILK-2EECF27/2021|BA.1|2021-12-15	E07000154	2021-12-15	1
England/ALDP-31A41C5/2022|BA.1|2022-01-06	E07000192	2022-01-06	2
England/MILK-3007A02/2021|BA.1|2021-12-27	E09000011	2021-12-27	2
England/LSPA-305E608/2021|BA.1|2021-12-27	E07000239	2021-12-27	2
England/MILK-301F76A/2021|BA.1|2021-12-28	E09000010	2021-12-28	2
England/ALDP-32568CC/2022|BA.1|2022-01-10	E08000019	2022-01-10	2
England/LSPA-31EBAC7/2022|BA.1|2022-01-05	E06000018	2022-01-05	2
England/ALDP-3015597/2021|BA.1|2021-12-26	E08000015	2021-12-26	2
England/MILK-301F32A/2021|BA.1|2021-12-28	E07000071	2021-12-28	2
England/MILK-2FB6A9D/2021|BA.1|2021-12-18	E06000055	2021-12-18	1
England/MILK-3452C4A/2022|BA.1|2022-01-26	E06000056	2022-01-26	3
England/MILK-31F7E35/2022|BA.1|2022-01-10	E06000056	2022-01-10	2
England/PLYM-311984E/2022|BA.1|2022-01-03	E06000052	2022-01-03	2
England/LSPA-3493973/2022|BA.1|2022-01-25	E06000055	2022-01-25	3
England/MILK-32FD083/2022|BA.1|2022-01-18	E06000055	2022-01-18	3
England/MILK-33F3004/2022|BA.1|2022-01-24	E06000055	2022-01-24	3
England/PLYM-34BDE0B/2022|BA.1|2022-01-30	E07000179	2022-01-30	3
England/MILK-31E36E9/2022|BA.1|2022-01-08	E09000015	2022-01-08	2
England/LSPA-326E339/2022|BA.1|2022-01-10	E07000194	2022-01-10	2
England/LSPA-352F4F2/2022|BA.1|2022-01-30	E07000106	2022-01-30	3
England/MILK-33FCC16/2022|BA.1|2022-01-24	E09000023	2022-01-24	3
England/DHSC-CYDQQAS/2021|BA.1|2021-12-21	E09000008	2021-12-21	1
England/MILK-3432C5F/2022|BA.1|2022-01-25	E07000179	2022-01-25	3
England/LSPA-2FC4470/2021|BA.1|2021-12-20	E08000026	2021-12-20	1
England/MILK-2FEC0F6/2021|BA.1|2021-12-24	E07000241	2021-12-24	1
England/QEUH-2FA3D7C/2021|BA.1|2021-12-20	E08000018	2021-12-20	1
England/BRBR-33A7CA1/2022|BA.1|2022-01-22	E09000032	2022-01-22	3
England/MILK-337C443/2022|BA.1|2022-01-19	E09000032	2022-01-19	3
England/MILK-2EE6707/2021|BA.1|2021-12-15	E09000028	2021-12-15	1
England/LSPA-34E1F83/2022|BA.1|2022-01-28	E07000147	2022-01-28	3
England/LSPA-34E1D6B/2022|BA.1|2022-01-28	E07000147	2022-01-28	3
England/MILK-2F2E7B7/2021|BA.1|2021-12-16	E09000032	2021-12-16	1
England/ALDP-32DDBA6/2022|BA.1|2022-01-15	E08000014	2022-01-15	2
England/BRBR-341DE81/2022|BA.1|2022-01-25	E06000044	2022-01-25	3
England/MILK-31E5F28/2022|BA.1|2022-01-10	E06000044	2022-01-10	2
England/ALDP-3350CD4/2022|BA.1|2022-01-18	E08000013	2022-01-18	3
England/QEUH-316B17F/2022|BA.1|2022-01-04	E08000012	2022-01-04	2
England/QEUH-30AADDB/2021|BA.1|2021-12-29	E08000012	2021-12-29	2
England/MILK-33FA920/2022|BA.1|2022-01-24	E09000023	2022-01-24	3
England/MILK-33FAC18/2022|BA.1|2022-01-24	E09000023	2022-01-24	3
England/MILK-331F0C6/2022|BA.1|2022-01-18	E06000025	2022-01-18	3
England/MILK-33FAA96/2022|BA.1|2022-01-24	E09000023	2022-01-24	3
England/LSPA-3403D18/2022|BA.1|2022-01-23	E07000149	2022-01-23	3
England/MILK-33F4EDC/2022|BA.1|2022-01-24	E07000144	2022-01-24	3
England/BRBR-32647BF/2022|BA.1|2022-01-12	E06000046	2022-01-12	2
England/BRBR-321EDEF/2022|BA.1|2022-01-10	E06000046	2022-01-10	2
England/DHSC-CYBCPK4/2021|BA.1|2021-12-19	E09000009	2021-12-19	1
England/MILK-3059913/2021|BA.1|2021-12-30	E07000115	2021-12-30	2
England/MILK-2FB67A5/2021|BA.1|2021-12-21	E07000075	2021-12-21	1
England/MILK-2FFAD76/2021|BA.1|2021-12-25	E07000241	2021-12-25	1
England/QEUH-31D3093/2022|BA.1|2022-01-03	E06000049	2022-01-03	2
England/MILK-2F9A877/2021|BA.1|2021-12-20	E09000017	2021-12-20	1
England/ALDP-327B20F/2022|BA.1|2022-01-13	E06000013	2022-01-13	2
England/BRBR-335358B/2022|BA.1|2022-01-18	E06000054	2022-01-18	3
England/MILK-33DF9C7/2022|BA.1|2022-01-23	E08000030	2022-01-23	3
England/MILK-33C5DE6/2022|BA.1|2022-01-22	E07000064	2022-01-22	3
England/MILK-3469B16/2022|BA.1|2022-01-26	E07000194	2022-01-26	3
England/MILK-34437D2/2022|BA.1|2022-01-26	E07000133	2022-01-26	3
England/BRBR-3220096/2022|BA.1|2022-01-08	E07000062	2022-01-08	2
England/BRBR-3262669/2022|BA.1|2022-01-12	E07000062	2022-01-12	2
England/MILK-2F6E40F/2021|BA.1|2021-12-18	E07000242	2021-12-18	1
England/MILK-2FF8B6F/2021|BA.1|2021-12-22	E09000003	2021-12-22	1
England/ALDP-2EFD9BC/2021|BA.1|2021-12-15	E08000003	2021-12-15	1
England/MILK-2F0E6FC/2021|BA.1|2021-12-17	E06000035	2021-12-17	1
England/MILK-2E984A3/2021|BA.1|2021-12-11	E09000018	2021-12-11	1
England/MILK-2F967C9/2021|BA.1|2021-12-20	E09000023	2021-12-20	1
England/BRBR-2F3A5EB/2021|BA.1|2021-12-17	E06000043	2021-12-17	1
England/BRBR-2EC2C8A/2021|BA.1|2021-12-15	E06000043	2021-12-15	1
England/MILK-33F4461/2022|BA.1|2022-01-24	E06000033	2022-01-24	3
England/MILK-33F4E81/2022|BA.1|2022-01-24	E06000033	2022-01-24	3
England/BRBR-3373154/2022|BA.1|2022-01-19	E07000227	2022-01-19	3
England/MILK-2FAB56D/2021|BA.1|2021-12-18	E09000032	2021-12-18	1
England/NEWC-31B98B9/2022|BA.1|2022-01-03	E06000047	2022-01-03	2
England/MILK-33DAA05/2022|BA.1|2022-01-23	E07000202	2022-01-23	3
England/NORT-YB13P8/2022|BA.1|2022-01-04	E08000021	2022-01-04	2
England/ALDP-3384053/2022|BA.1|2022-01-21	E08000034	2022-01-21	3
England/BRBR-31D2999/2022|BA.1|2022-01-09	E09000022	2022-01-09	2
England/ALDP-322F826/2022|BA.1|2022-01-10	E08000005	2022-01-10	2
England/NEWC-326C984/2022|BA.1|2022-01-12	E06000047	2022-01-12	2
England/NEWC-3134C05/2022|BA.1|2022-01-05	E08000024	2022-01-05	2
England/NEWC-333664F/2022|BA.1|2022-01-18	E06000047	2022-01-18	3
England/DHSC-CYY34IH/2022|BA.1|2022-01-04	E06000057	2022-01-04	2
England/NEWC-31B8AC3/2022|BA.1|2022-01-05	E08000022	2022-01-05	2
England/DHSC-CYYR3M7/2022|BA.1|2022-01-04	E08000022	2022-01-04	2
England/PLYM-338D746/2022|BA.1|2022-01-21	E07000081	2022-01-21	3
England/MILK-2FF5018/2021|BA.1|2021-12-26	E08000025	2021-12-26	2
England/ALDP-3384660/2022|BA.1|2022-01-21	E08000025	2022-01-21	3
England/ALDP-348773C/2022|BA.1|2022-01-28	E08000025	2022-01-28	3
England/PLYM-32F78DC/2022|BA.1|2022-01-17	E06000027	2022-01-17	3
England/LSPA-34024AB/2022|BA.1|2022-01-23	E07000239	2022-01-23	3
England/LSPA-34DEB58/2022|BA.1|2022-01-30	E07000196	2022-01-30	3
England/MILK-331BCC6/2022|BA.1|2022-01-18	E06000039	2022-01-18	3
England/HSLL-34A1E64/2022|BA.1|2022-01-29	E09000003	2022-01-29	3
England/MILK-31C00D5/2022|BA.1|2022-01-09	E09000005	2022-01-09	2
England/BRBR-30FE45B/2022|BA.1|2022-01-01	E06000015	2022-01-01	2
England/BRBR-2F3C613/2021|BA.1|2021-12-16	E06000023	2021-12-16	1
England/LSPA-2F8CA81/2021|BA.1|2021-12-15	E07000106	2021-12-15	1
England/DHSC-CYN6JOM/2021|BA.1|2021-12-20	E09000008	2021-12-20	1
England/LSPA-3095F82/2021|BA.1|2021-12-29	E06000042	2021-12-29	2
England/MILK-3009E22/2021|BA.1|2021-12-23	E06000033	2021-12-23	1
England/MILK-2F12455/2021|BA.1|2021-12-15	E09000007	2021-12-15	1
England/MILK-2FB99D9/2021|BA.1|2021-12-22	E06000017	2021-12-22	1
England/MILK-2F20427/2021|BA.1|2021-12-16	E07000072	2021-12-16	1
England/MILK-2F52F67/2021|BA.1|2021-12-18	E06000023	2021-12-18	1
England/MILK-3090D41/2021|BA.1|2021-12-30	E09000003	2021-12-30	2
England/QEUH-32D4705/2022|BA.1|2022-01-16	E08000017	2022-01-16	3
England/LSPA-35134A6/2022|BA.1|2022-01-31	E07000148	2022-01-31	3
England/QEUH-2F56C3F/2021|BA.1|2021-12-18	E08000035	2021-12-18	1
England/MILK-2D939D7/2021|BA.1|2021-12-07	E07000109	2021-12-07	1
England/MILK-2EED894/2021|BA.1|2021-12-15	E09000031	2021-12-15	1
England/MILK-2F7DF48/2021|BA.1|2021-12-19	E09000004	2021-12-19	1
England/LSPA-3513646/2022|BA.1|2022-01-30	E07000111	2022-01-30	3
England/PLYM-2FDCF74/2021|BA.1|2021-12-23	E07000087	2021-12-23	1
England/MILK-3011698/2021|BA.1|2021-12-27	E09000031	2021-12-27	2
England/MILK-3341632/2022|BA.1|2022-01-19	E07000109	2022-01-19	3
England/MILK-327F10E/2022|BA.1|2022-01-14	E09000029	2022-01-14	2
England/MILK-331B15E/2022|BA.1|2022-01-18	E09000006	2022-01-18	3
England/DHSC-CYB3T5A/2022|BA.1|2022-01-31	E07000209	2022-01-31	3
England/MILK-2FE9721/2021|BA.1|2021-12-26	E09000011	2021-12-26	2
England/MILK-32948A4/2022|BA.1|2022-01-14	E07000070	2022-01-14	2
England/LSPA-2FB7E18/2021|BA.1|2021-12-19	E08000028	2021-12-19	1
England/ALDP-2FF6721/2021|BA.1|2021-12-18	E09000030	2021-12-18	1
England/DHSC-CYNXBM7/2021|BA.1|2021-12-20	E09000019	2021-12-20	1
England/MILK-2F6A03C/2021|BA.1|2021-12-18	E09000033	2021-12-18	1
England/ALDP-331E3BF/2022|BA.1|2022-01-17	E08000015	2022-01-17	3
England/HSLL-30D4FE1/2021|BA.1|2021-12-30	E07000113	2021-12-30	2
England/MILK-2F2015D/2021|BA.1|2021-12-16	E09000010	2021-12-16	1
England/MILK-2E09F24/2021|BA.1|2021-12-10	E09000002	2021-12-10	1
England/MILK-2E0E930/2021|BA.1|2021-12-10	E09000026	2021-12-10	1
England/ALDP-2EFA032/2021|BA.1|2021-12-15	E07000239	2021-12-15	1
England/MILK-31DFFE5/2022|BA.1|2022-01-08	E09000016	2022-01-08	2
England/LSPA-34D2565/2022|BA.1|2022-01-29	E07000197	2022-01-29	3
England/MILK-330BD7B/2022|BA.1|2022-01-17	E06000034	2022-01-17	3
England/LSPA-329AD81/2022|BA.1|2022-01-10	E07000153	2022-01-10	2
England/ALDP-32CB0AC/2022|BA.1|2022-01-15	E08000025	2022-01-15	2
England/MILK-3491E2B/2022|BA.1|2022-01-29	E09000008	2022-01-29	3
England/LSPA-31741DD/2022|BA.1|2022-01-06	E08000025	2022-01-06	2
England/ALDP-31BB7AB/2022|BA.1|2022-01-06	E08000029	2022-01-06	2
England/LSPA-3515046/2022|BA.1|2022-01-31	E07000192	2022-01-31	3
England/LSPA-31E1038/2022|BA.1|2022-01-08	E07000238	2022-01-08	2
England/MILK-3108E7D/2022|BA.1|2022-01-02	E09000033	2022-01-02	2
England/MILK-3321410/2022|BA.1|2022-01-18	E09000031	2022-01-18	3
England/MILK-349AB76/2022|BA.1|2022-01-25	E08000025	2022-01-25	3
England/MILK-3489AAA/2022|BA.1|2022-01-30	E07000074	2022-01-30	3
England/BRBR-31D5BEB/2022|BA.1|2022-01-08	E06000036	2022-01-08	2
England/MILK-317A32C/2022|BA.1|2022-01-07	E06000023	2022-01-07	2
England/MILK-3113B78/2022|BA.1|2022-01-04	E09000002	2022-01-04	2
England/NORT-YBIXAW/2022|BA.1|2022-01-04	E09000016	2022-01-04	2
England/MILK-3198179/2022|BA.1|2022-01-07	E09000017	2022-01-07	2
England/ALDP-3239AC9/2022|BA.1|2022-01-10	E06000010	2022-01-10	2
England/ALDP-31241CD/2022|BA.1|2022-01-02	E08000007	2022-01-02	2
England/MILK-3048267/2021|BA.1|2021-12-24	E06000044	2021-12-24	1
England/MILK-33E7391/2022|BA.1|2022-01-23	E09000026	2022-01-23	3
England/MILK-2F85350/2021|BA.1|2021-12-19	E09000010	2021-12-19	1
England/ALDP-321E05F/2022|BA.1|2022-01-09	E08000025	2022-01-09	2
England/LSPA-34C5714/2022|BA.1|2022-01-27	E07000194	2022-01-27	3
England/ALDP-34C3BCF/2022|BA.1|2022-01-29	E08000025	2022-01-29	3
England/ALDP-3473AEF/2022|BA.1|2022-01-27	E08000025	2022-01-27	3
England/MILK-344697F/2022|BA.1|2022-01-27	E07000135	2022-01-27	3
England/NEWC-34E0FA2/2022|BA.1|2022-01-29	E07000193	2022-01-29	3
England/DHSC-CYDFWXI/2022|BA.1|2022-01-20	E07000193	2022-01-20	3
England/ALDP-328D99C/2022|BA.1|2022-01-13	E08000028	2022-01-13	2
England/LSPA-3500D56/2022|BA.1|2022-01-30	E08000028	2022-01-30	3
England/ALDP-2FF62B7/2021|BA.1|2021-12-23	E08000007	2021-12-23	1
England/LSPA-31943A4/2022|BA.1|2022-01-06	E08000025	2022-01-06	2
England/BRBR-319E9A8/2022|BA.1|2022-01-06	E06000036	2022-01-06	2
England/QEUH-3118144/2022|BA.1|2022-01-02	E07000124	2022-01-02	2
England/ALDP-320934F/2022|BA.1|2022-01-10	E07000120	2022-01-10	2
England/QEUH-305E19E/2021|BA.1|2021-12-28	E06000008	2021-12-28	2
England/ALDP-303781E/2021|BA.1|2021-12-27	E07000124	2021-12-27	2
England/MILK-3020B4C/2021|BA.1|2021-12-28	E07000115	2021-12-28	2
England/MILK-306762A/2021|BA.1|2021-12-29	E07000072	2021-12-29	2
England/MILK-2F52BEB/2021|BA.1|2021-12-18	E09000033	2021-12-18	1
England/MILK-3293720/2022|BA.1|2022-01-14	E09000025	2022-01-14	2
England/QEUH-2FD1FCA/2021|BA.1|2021-12-22	E06000049	2021-12-22	1
England/MILK-2E6E86E/2021|BA.1|2021-12-11	E07000070	2021-12-11	1
England/MILK-2EED436/2021|BA.1|2021-12-13	E09000004	2021-12-13	1
England/MILK-3311932/2022|BA.1|2022-01-15	E07000208	2022-01-15	2
England/MILK-3098408/2022|BA.1|2022-01-01	E09000024	2022-01-01	2
England/NIRE-01834d/2021|BA.1|2021-12-22	E09000008	2021-12-22	1
England/LSPA-34B68F5/2022|BA.1|2022-01-26	E07000009	2022-01-26	3
England/ALDP-31C895A/2022|BA.1|2022-01-04	E08000025	2022-01-04	2
England/MILK-3129070/2022|BA.1|2022-01-05	E09000015	2022-01-05	2
England/MILK-2FAA3CE/2021|BA.1|2021-12-21	E06000056	2021-12-21	1
England/LSPA-2F8B949/2021|BA.1|2021-12-17	E07000175	2021-12-17	1
England/MILK-3035652/2021|BA.1|2021-12-28	E09000021	2021-12-28	2
England/MILK-2F0F127/2021|BA.1|2021-12-17	E09000023	2021-12-17	1
England/MILK-2F1C38B/2021|BA.1|2021-12-15	E09000023	2021-12-15	1
England/MILK-2EBEED6/2021|BA.1|2021-12-14	E09000022	2021-12-14	1
England/MILK-33ADA1A/2022|BA.1|2022-01-22	E07000072	2022-01-22	3
England/ALDP-30EB530/2021|BA.1|2021-12-29	E06000023	2021-12-29	2
England/BRBR-303F791/2021|BA.1|2021-12-29	E06000043	2021-12-29	2
England/PLYM-2F24960/2021|BA.1|2021-12-13	E06000023	2021-12-13	1
England/ALDP-31CA3A5/2022|BA.1|2022-01-09	E07000194	2022-01-09	2
England/ALDP-32DB285/2022|BA.1|2022-01-15	E08000031	2022-01-15	2
England/BRBR-33A3856/2022|BA.1|2022-01-22	E07000228	2022-01-22	3
England/BRBR-32D7BE8/2022|BA.1|2022-01-16	E09000015	2022-01-16	3
England/ALDP-3084627/2021|BA.1|2021-12-29	E07000199	2021-12-29	2
England/MILK-3273058/2022|BA.1|2022-01-13	E06000024	2022-01-13	2
England/PLYM-33D3A66/2022|BA.1|2022-01-23	E06000025	2022-01-23	3
England/PLYM-3471049/2022|BA.1|2022-01-27	E06000025	2022-01-27	3
England/HSLL-2FFECEE/2021|BA.1|2021-12-26	E07000072	2021-12-26	2
England/MILK-300BD7E/2021|BA.1|2021-12-26	E09000008	2021-12-26	2
England/MILK-32934A1/2022|BA.1|2022-01-14	E07000072	2022-01-14	2
England/MILK-33FC4F0/2022|BA.1|2022-01-24	E09000010	2022-01-24	3
England/MILK-327CFE9/2022|BA.1|2022-01-14	E07000242	2022-01-14	2
England/LSPA-3422232/2022|BA.1|2022-01-24	E08000030	2022-01-24	3
England/MILK-3217FE0/2022|BA.1|2022-01-11	E07000066	2022-01-11	2
England/PLYM-2F9F4AB/2021|BA.1|2021-12-20	E06000054	2021-12-20	1
England/MILK-31275BF/2022|BA.1|2022-01-04	E09000024	2022-01-04	2
England/MILK-3160A33/2022|BA.1|2022-01-04	E09000024	2022-01-04	2
England/MILK-301AF2B/2021|BA.1|2021-12-26	E09000002	2021-12-26	2
England/MILK-3282F68/2022|BA.1|2022-01-14	E09000032	2022-01-14	2
England/LSPA-336F20D/2022|BA.1|2022-01-18	E07000154	2022-01-18	3
England/ALDP-34D62F1/2022|BA.1|2022-01-30	E06000023	2022-01-30	3
England/ALDP-2F787BE/2021|BA.1|2021-12-18	E06000049	2021-12-18	1
England/BRBR-2E02D5E/2021|BA.1|2021-12-10	E06000040	2021-12-10	1
England/MILK-32137DD/2022|BA.1|2022-01-11	E06000060	2022-01-11	2
England/LSPA-32014AE/2022|BA.1|2022-01-08	E08000025	2022-01-08	2
England/MILK-2FAC0C5/2021|BA.1|2021-12-21	E09000003	2021-12-21	1
England/NORT-YBK7JH/2021|BA.1|2021-12-28	E09000020	2021-12-28	2
England/BRBR-30F907A/2021|BA.1|2021-12-30	E08000025	2021-12-30	2
England/LSPA-2F49AF9/2021|BA.1|2021-12-15	E09000005	2021-12-15	1
England/MILK-3032BED/2021|BA.1|2021-12-28	E07000070	2021-12-28	2
England/ALDP-327D0E5/2022|BA.1|2022-01-13	E07000034	2022-01-13	2
England/MILK-2EF59C3/2021|BA.1|2021-12-15	E09000011	2021-12-15	1
England/MILK-2F7A330/2021|BA.1|2021-12-20	E06000033	2021-12-20	1
England/MILK-3008315/2021|BA.1|2021-12-23	E09000026	2021-12-23	1
England/PLYM-332BABA/2022|BA.1|2022-01-18	E06000027	2022-01-18	3
England/LSPA-31E7533/2022|BA.1|2022-01-07	E08000026	2022-01-07	2
England/BRBR-2ECFA74/2021|BA.1|2021-12-14	E09000028	2021-12-14	1
England/PLYM-3301CA5/2022|BA.1|2022-01-17	E06000058	2022-01-17	3
England/ALDP-3166FA7/2022|BA.1|2022-01-04	E07000194	2022-01-04	2
England/MILK-2F118C3/2021|BA.1|2021-12-16	E09000010	2021-12-16	1
England/LSPA-30ECCA3/2021|BA.1|2021-12-29	E07000008	2021-12-29	2
England/MILK-34B8107/2022|BA.1|2022-01-30	E07000099	2022-01-30	3
England/NEWC-34EAB59/2022|BA.1|2022-01-31	E06000010	2022-01-31	3
England/ALDP-33BC2B6/2022|BA.1|2022-01-22	E08000035	2022-01-22	3
England/MILK-326BD01/2022|BA.1|2022-01-13	E06000056	2022-01-13	2
England/ALDP-3211836/2022|BA.1|2022-01-09	E08000019	2022-01-09	2
England/QEUH-3368A93/2022|BA.1|2022-01-18	E08000035	2022-01-18	3
England/PLYM-34576B0/2022|BA.1|2022-01-26	E06000052	2022-01-26	3
England/NEWC-33404A2/2022|BA.1|2022-01-18	E06000057	2022-01-18	3
England/MILK-303D61E/2021|BA.1|2021-12-28	E07000208	2021-12-28	2
England/MILK-304A344/2021|BA.1|2021-12-27	E07000095	2021-12-27	2
England/MILK-3108280/2022|BA.1|2022-01-03	E07000089	2022-01-03	2
England/MILK-2F8792F/2021|BA.1|2021-12-19	E07000066	2021-12-19	1
England/PLYM-2FCF7A9/2021|BA.1|2021-12-23	E07000046	2021-12-23	1
England/BRBR-31D0C65/2022|BA.1|2022-01-08	E07000227	2022-01-08	2
England/ALDP-3124A86/2022|BA.1|2022-01-03	E06000021	2022-01-03	2
England/BRBR-324EDB9/2022|BA.1|2022-01-13	E06000043	2022-01-13	2
England/MILK-2FE793C/2021|BA.1|2021-12-25	E09000004	2021-12-25	1
England/ALDP-2F4AE47/2021|BA.1|2021-12-18	E08000001	2021-12-18	1
England/MILK-3025576/2021|BA.1|2021-12-28	E07000107	2021-12-28	2
England/MILK-3063002/2021|BA.1|2021-12-30	E07000109	2021-12-30	2
England/MILK-33F9AD3/2022|BA.1|2022-01-25	E09000022	2022-01-25	3
England/MILK-31048FB/2022|BA.1|2022-01-04	E09000016	2022-01-04	2
England/DHSC-CYD3NGO/2021|BA.1|2021-12-22	E07000226	2021-12-22	1
England/MILK-301D6C9/2021|BA.1|2021-12-27	E09000017	2021-12-27	2
England/QEUH-3025066/2021|BA.1|2021-12-27	E07000176	2021-12-27	2
England/BRBR-2F2F622/2021|BA.1|2021-12-18	E07000224	2021-12-18	1
England/MILK-2F714BE/2021|BA.1|2021-12-20	E07000154	2021-12-20	1
England/MILK-301D0CB/2021|BA.1|2021-12-27	E07000096	2021-12-27	2
England/PLYM-332C882/2022|BA.1|2022-01-18	E06000052	2022-01-18	3
England/NORT-YBNIDY/2021|BA.1|2021-12-18	E07000135	2021-12-18	1
England/NEWC-314A079/2022|BA.1|2022-01-03	E07000141	2022-01-03	2
England/NEWC-342B3AF/2022|BA.1|2022-01-25	E06000011	2022-01-25	3
England/ALDP-3124813/2022|BA.1|2022-01-03	E08000004	2022-01-03	2
England/MILK-32754C3/2022|BA.1|2022-01-15	E07000179	2022-01-15	2
England/MILK-2ED5228/2021|BA.1|2021-12-14	E09000022	2021-12-14	1
England/ALDP-3012E35/2021|BA.1|2021-12-23	E06000050	2021-12-23	1
England/QEUH-30A8C58/2021|BA.1|2021-12-29	E08000035	2021-12-29	2
England/ALDP-33497DD/2022|BA.1|2022-01-16	E08000017	2022-01-16	3
England/ALDP-328FC73/2022|BA.1|2022-01-12	E08000017	2022-01-12	2
England/MILK-3398405/2022|BA.1|2022-01-21	E07000175	2022-01-21	3
England/MILK-300FA64/2021|BA.1|2021-12-25	E07000108	2021-12-25	1
England/QEUH-30FFFA4/2022|BA.1|2022-01-02	E08000017	2022-01-02	2
England/QEUH-3198838/2022|BA.1|2022-01-06	E08000017	2022-01-06	2
England/MILK-31C6FE1/2022|BA.1|2022-01-07	E08000034	2022-01-07	2
England/ALDP-30463EE/2021|BA.1|2021-12-28	E08000016	2021-12-28	2
England/BRBR-31FF705/2022|BA.1|2022-01-08	E09000024	2022-01-08	2
England/ALDP-3264F99/2022|BA.1|2022-01-11	E07000081	2022-01-11	2
England/ALDP-329B843/2022|BA.1|2022-01-13	E08000030	2022-01-13	2
England/ALDP-33883DE/2022|BA.1|2022-01-20	E07000117	2022-01-20	3
England/ALDP-343C912/2022|BA.1|2022-01-25	E06000050	2022-01-25	3
England/ALDP-320BFFE/2022|BA.1|2022-01-07	E08000025	2022-01-07	2
England/QEUH-32B5AE3/2022|BA.1|2022-01-15	E06000005	2022-01-15	2
England/MILK-331A23E/2022|BA.1|2022-01-17	E09000020	2022-01-17	3
England/ALDP-31D7897/2022|BA.1|2022-01-06	E08000008	2022-01-06	2
England/LSPA-3293F73/2022|BA.1|2022-01-11	E07000107	2022-01-11	2
England/BRBR-32E12E6/2022|BA.1|2022-01-15	E07000107	2022-01-15	2
England/BRBR-33879DD/2022|BA.1|2022-01-21	E06000043	2022-01-21	3
England/MILK-322A1F3/2022|BA.1|2022-01-12	E07000211	2022-01-12	2
England/MILK-2F9D838/2021|BA.1|2021-12-19	E09000020	2021-12-19	1
England/MILK-2FABE9F/2021|BA.1|2021-12-21	E07000228	2021-12-21	1
England/ALDP-3233081/2022|BA.1|2022-01-10	E08000025	2022-01-10	2
England/LSPA-2FC2C98/2021|BA.1|2021-12-20	E08000026	2021-12-20	1
England/BRBR-339A98C/2022|BA.1|2022-01-21	E07000228	2022-01-21	3
England/MILK-2FE51CD/2021|BA.1|2021-12-23	E07000244	2021-12-23	1
England/ALDP-323D694/2022|BA.1|2022-01-10	E08000025	2022-01-10	2
England/ALDP-3122648/2021|BA.1|2021-12-31	E06000050	2021-12-31	2
England/ALDP-3229464/2022|BA.1|2022-01-10	E08000005	2022-01-10	2
England/MILK-31EFA69/2022|BA.1|2022-01-10	E07000246	2022-01-10	2
England/ALDP-32E8364/2022|BA.1|2022-01-16	E08000018	2022-01-16	3
England/MILK-3419FBF/2022|BA.1|2022-01-25	E06000043	2022-01-25	3
England/LSPA-31F2FBF/2022|BA.1|2022-01-06	E09000022	2022-01-06	2
England/PLYM-345ADE5/2022|BA.1|2022-01-26	E07000040	2022-01-26	3
England/PLYM-33BB590/2022|BA.1|2022-01-22	E07000040	2022-01-22	3
England/ALDP-3074806/2021|BA.1|2021-12-29	E06000011	2021-12-29	2
England/ALDP-3362BF0/2022|BA.1|2022-01-19	E08000025	2022-01-19	3
England/MILK-34CD07B/2022|BA.1|2022-01-30	E07000116	2022-01-30	3
England/MILK-31C0415/2022|BA.1|2022-01-09	E09000006	2022-01-09	2
England/LSPA-2FC42A3/2021|BA.1|2021-12-20	E08000026	2021-12-20	1
England/BRBR-321D612/2022|BA.1|2022-01-09	E06000030	2022-01-09	2
England/MILK-31C7C25/2022|BA.1|2022-01-09	E09000008	2022-01-09	2
England/MILK-337D5D6/2022|BA.1|2022-01-21	E07000209	2022-01-21	3
England/BRBR-3378605/2022|BA.1|2022-01-20	E07000209	2022-01-20	3
England/ALDP-33DFB94/2022|BA.1|2022-01-22	E08000018	2022-01-22	3
England/MILK-327EFD8/2022|BA.1|2022-01-14	E09000022	2022-01-14	2
England/ALDP-327EBE3/2022|BA.1|2022-01-11	E06000021	2022-01-11	2
England/ALDP-316B4EF/2022|BA.1|2022-01-02	E08000007	2022-01-02	2
England/ALDP-3419492/2022|BA.1|2022-01-24	E08000013	2022-01-24	3
England/ALDP-337CCF0/2022|BA.1|2022-01-19	E06000006	2022-01-19	3
England/BRBR-2F5722D/2021|BA.1|2021-12-18	E09000022	2021-12-18	1
England/MILK-2F0E7DB/2021|BA.1|2021-12-16	E07000077	2021-12-16	1
England/MILK-2F153BF/2021|BA.1|2021-12-14	E09000033	2021-12-14	1
England/ALDP-2EFDBF2/2021|BA.1|2021-12-15	E08000003	2021-12-15	1
England/MILK-2F8E8A3/2021|BA.1|2021-12-20	E07000103	2021-12-20	1
England/MILK-2FB954E/2021|BA.1|2021-12-20	E09000006	2021-12-20	1
England/LSPA-31EC501/2022|BA.1|2022-01-06	E06000015	2022-01-06	2
England/MILK-32A8CA1/2022|BA.1|2022-01-15	E06000056	2022-01-15	2
England/MILK-2F7B87C/2021|BA.1|2021-12-17	E09000033	2021-12-17	1
England/MILK-2F7A145/2021|BA.1|2021-12-20	E07000011	2021-12-20	1
England/LSPA-3297874/2022|BA.1|2022-01-12	E06000021	2022-01-12	2
England/ALDP-3013DFB/2021|BA.1|2021-12-26	E08000003	2021-12-26	2
England/LSPA-30098BB/2021|BA.1|2021-12-23	E06000024	2021-12-23	1
England/MILK-2F9819C/2021|BA.1|2021-12-19	E09000023	2021-12-19	1
England/MILK-31090B2/2022|BA.1|2022-01-03	E09000027	2022-01-03	2
England/ALDP-351650A/2022|BA.1|2022-01-31	E07000165	2022-01-31	3
England/QEUH-33C77AA/2022|BA.1|2022-01-19	E08000036	2022-01-19	3
England/QEUH-33ABC70/2022|BA.1|2022-01-21	E07000117	2022-01-21	3
England/MILK-323F5A4/2022|BA.1|2022-01-11	E07000106	2022-01-11	2
England/DHSC-CYBDN7O/2022|BA.1|2022-01-28	E07000228	2022-01-28	3
England/MILK-317EE63/2022|BA.1|2022-01-05	E07000067	2022-01-05	2
England/LSPA-2E885A3/2021|BA.1|2021-12-11	E06000042	2021-12-11	1
England/MILK-30572A1/2021|BA.1|2021-12-29	E07000103	2021-12-29	2
England/MILK-33F8852/2022|BA.1|2022-01-24	E06000055	2022-01-24	3
England/LSPA-34DC695/2022|BA.1|2022-01-29	E07000155	2022-01-29	3
England/ALDP-307F05E/2021|BA.1|2021-12-30	E06000020	2021-12-30	2
England/MILK-314907A/2022|BA.1|2022-01-06	E07000243	2022-01-06	2
England/MILK-30FD085/2022|BA.1|2022-01-03	E07000240	2022-01-03	2
England/MILK-32CE56E/2022|BA.1|2022-01-15	E09000026	2022-01-15	2
England/BRBR-304F79E/2021|BA.1|2021-12-29	E07000089	2021-12-29	2
England/NORT-YBMBEA/2021|BA.1|2021-12-27	E07000102	2021-12-27	2
England/PLYM-2ED6B68/2021|BA.1|2021-12-16	E07000045	2021-12-16	1
England/MILK-2F912EB/2021|BA.1|2021-12-19	E06000056	2021-12-19	1
England/BRBR-32845A0/2022|BA.1|2022-01-14	E07000209	2022-01-14	2
England/MILK-3061778/2021|BA.1|2021-12-29	E09000022	2021-12-29	2
England/MILK-31B0D3B/2022|BA.1|2022-01-08	E06000055	2022-01-08	2
England/LSPA-31E5BD9/2022|BA.1|2022-01-05	E07000145	2022-01-05	2
England/MILK-32FAE7D/2022|BA.1|2022-01-17	E07000145	2022-01-17	3
England/QEUH-326D279/2022|BA.1|2022-01-13	E06000011	2022-01-13	2
England/QEUH-3468B35/2022|BA.1|2022-01-26	E06000011	2022-01-26	3
England/ALDP-346FE71/2022|BA.1|2022-01-26	E06000010	2022-01-26	3
England/NEWC-3079151/2021|BA.1|2021-12-29	E06000001	2021-12-29	2
England/MILK-30A3D3C/2022|BA.1|2022-01-01	E08000026	2022-01-01	2
England/MILK-2E76CD0/2021|BA.1|2021-12-13	E07000072	2021-12-13	1
England/ALDP-31B7790/2022|BA.1|2022-01-05	E06000051	2022-01-05	2
England/LSPA-2F71C01/2021|BA.1|2021-12-17	E07000244	2021-12-17	1
England/HSLL-2E99A28/2021|BA.1|2021-12-14	E09000005	2021-12-14	1
England/MILK-2F182EC/2021|BA.1|2021-12-16	E06000040	2021-12-16	1
England/MILK-2E05517/2021|BA.1|2021-12-10	E09000028	2021-12-10	1
England/MILK-2F11A90/2021|BA.1|2021-12-16	E08000003	2021-12-16	1
England/PLYM-32FCA95/2022|BA.1|2022-01-17	E07000042	2022-01-17	3
England/ALDP-2FF66E8/2021|BA.1|2021-12-16	E09000030	2021-12-16	1
England/MILK-2F5D3AC/2021|BA.1|2021-12-17	E09000011	2021-12-17	1
England/MILK-32CEBA8/2022|BA.1|2022-01-16	E06000044	2022-01-16	3
England/MILK-2FB19E0/2021|BA.1|2021-12-17	E09000031	2021-12-17	1
England/LSPA-3200867/2022|BA.1|2022-01-08	E08000025	2022-01-08	2
England/MILK-2E8D984/2021|BA.1|2021-12-13	E09000010	2021-12-13	1
England/MILK-2ED0D2C/2021|BA.1|2021-12-13	E09000028	2021-12-13	1
England/MILK-3050C31/2021|BA.1|2021-12-29	E07000112	2021-12-29	2
England/MILK-3059870/2021|BA.1|2021-12-29	E09000008	2021-12-29	2
England/ALDP-3064F40/2021|BA.1|2021-12-29	E08000018	2021-12-29	2
England/LSPA-3425C7D/2022|BA.1|2022-01-23	E07000110	2022-01-23	3
England/MILK-31BE025/2022|BA.1|2022-01-09	E07000171	2022-01-09	2
England/ALDP-3473DD7/2022|BA.1|2022-01-27	E07000037	2022-01-27	3
England/ALDP-3504E40/2022|BA.1|2022-01-31	E08000019	2022-01-31	3
England/NEWC-342C845/2022|BA.1|2022-01-25	E07000166	2022-01-25	3
England/BRBR-2EB2C41/2021|BA.1|2021-12-13	E09000013	2021-12-13	1
England/NORT-YBNS1Y/2021|BA.1|2021-12-18	E07000139	2021-12-18	1
England/QEUH-3053612/2021|BA.1|2021-12-29	E06000004	2021-12-29	2
England/QEUH-3045AAE/2021|BA.1|2021-12-29	E06000004	2021-12-29	2
England/LSPA-3037E2B/2021|BA.1|2021-12-23	E07000154	2021-12-23	1
England/MILK-3056819/2021|BA.1|2021-12-28	E06000035	2021-12-28	2
England/LSPA-3495883/2022|BA.1|2022-01-27	E07000107	2022-01-27	3
England/MILK-34ECA78/2022|BA.1|2022-01-31	E07000107	2022-01-31	3
England/MILK-34ACA0B/2022|BA.1|2022-01-30	E07000109	2022-01-30	3
England/MILK-2FB509C/2021|BA.1|2021-12-20	E09000009	2021-12-20	1
England/BRBR-2E9300E/2021|BA.1|2021-12-12	E09000023	2021-12-12	1
England/PLYM-2EF86BA/2021|BA.1|2021-12-16	E07000087	2021-12-16	1
England/MILK-2FAB433/2021|BA.1|2021-12-20	E07000070	2021-12-20	1
England/MILK-2F6A0B4/2021|BA.1|2021-12-18	E09000030	2021-12-18	1
England/MILK-33B2E9E/2022|BA.1|2022-01-23	E06000042	2022-01-23	3
England/MILK-327542D/2022|BA.1|2022-01-15	E06000042	2022-01-15	2
England/MILK-337A867/2022|BA.1|2022-01-19	E07000224	2022-01-19	3
England/MILK-300C724/2021|BA.1|2021-12-27	E07000211	2021-12-27	2
England/MILK-2F9046E/2021|BA.1|2021-12-19	E09000019	2021-12-19	1
England/MILK-3109A5A/2022|BA.1|2022-01-03	E06000035	2022-01-03	2
England/ALDP-31D8E58/2022|BA.1|2022-01-05	E08000003	2022-01-05	2
England/MILK-3109F1F/2022|BA.1|2022-01-03	E07000154	2022-01-03	2
England/ALDP-348CA10/2022|BA.1|2022-01-28	E08000025	2022-01-28	3
England/BRBR-3146927/2022|BA.1|2022-01-05	E07000085	2022-01-05	2
England/MILK-307B68D/2021|BA.1|2021-12-30	E09000009	2021-12-30	2
England/MILK-301AB36/2021|BA.1|2021-12-26	E09000008	2021-12-26	2
England/MILK-3435FAE/2022|BA.1|2022-01-25	E07000068	2022-01-25	3
England/PLYM-32F9AA7/2022|BA.1|2022-01-17	E06000052	2022-01-17	3
England/PLYM-345743E/2022|BA.1|2022-01-26	E06000052	2022-01-26	3
England/PLYM-345C5AF/2022|BA.1|2022-01-26	E06000052	2022-01-26	3
England/LSPA-353DE20/2022|BA.1|2022-01-31	E07000010	2022-01-31	3
England/BRBR-3339837/2022|BA.1|2022-01-18	E07000084	2022-01-18	3
England/PLYM-335F015/2022|BA.1|2022-01-20	E06000026	2022-01-20	3
England/PLYM-2F333E8/2021|BA.1|2021-12-17	E06000023	2021-12-17	1
England/PHWC-PGIUU5/2021|BA.1|2021-12-26	E06000023	2021-12-26	2
England/MILK-33F7A5D/2022|BA.1|2022-01-25	E06000022	2022-01-25	3
England/MILK-300167D/2021|BA.1|2021-12-27	E06000054	2021-12-27	2
England/MILK-33F7B5A/2022|BA.1|2022-01-24	E07000012	2022-01-24	3
England/ALDP-31362E3/2022|BA.1|2022-01-04	E08000012	2022-01-04	2
England/DHSC-CYBZDN7/2022|BA.1|2022-01-31	E09000033	2022-01-31	3
England/DHSC-CYBDY89/2021|BA.1|2021-12-21	E07000062	2021-12-21	1
England/MILK-2F4CD2A/2021|BA.1|2021-12-17	E06000030	2021-12-17	1
England/MILK-2F1D7D9/2021|BA.1|2021-12-15	E09000012	2021-12-15	1
England/ALDP-2ECB0EF/2021|BA.1|2021-12-14	E06000020	2021-12-14	1
England/MILK-2F61BAD/2021|BA.1|2021-12-17	E06000045	2021-12-17	1
England/MILK-2FF3D6E/2021|BA.1|2021-12-25	E07000192	2021-12-25	1
England/MILK-2E9F521/2021|BA.1|2021-12-13	E09000009	2021-12-13	1
England/MILK-30EFBEF/2022|BA.1|2022-01-03	E09000011	2022-01-03	2
England/QEUH-3439405/2022|BA.1|2022-01-25	E08000035	2022-01-25	3
England/ALDP-3070FD8/2021|BA.1|2021-12-28	E08000007	2021-12-28	2
England/MILK-32A6159/2022|BA.1|2022-01-15	E09000010	2022-01-15	2
England/MILK-3334571/2022|BA.1|2022-01-19	E09000006	2022-01-19	3
England/MILK-2E96F68/2021|BA.1|2021-12-13	E09000006	2021-12-13	1
England/MILK-2F16293/2021|BA.1|2021-12-14	E09000022	2021-12-14	1
England/MILK-2EE220A/2021|BA.1|2021-12-14	E07000240	2021-12-14	1
England/PLYM-33952E0/2022|BA.1|2022-01-21	E07000043	2022-01-21	3
England/HSLL-345B1E8/2022|BA.1|2022-01-24	E09000025	2022-01-24	3
England/MILK-31C338E/2022|BA.1|2022-01-09	E09000006	2022-01-09	2
England/MILK-32FE29B/2022|BA.1|2022-01-17	E07000106	2022-01-17	3
England/MILK-3023147/2021|BA.1|2021-12-27	E09000025	2021-12-27	2
England/LSPA-2FC2D1D/2021|BA.1|2021-12-20	E07000154	2021-12-20	1
England/MILK-2F18D90/2021|BA.1|2021-12-17	E06000036	2021-12-17	1
England/MILK-2EFD2A2/2021|BA.1|2021-12-12	E09000007	2021-12-12	1
England/BRBR-2F45CE8/2021|BA.1|2021-12-18	E09000029	2021-12-18	1
England/QEUH-2F0A344/2021|BA.1|2021-12-17	E06000047	2021-12-17	1
England/LSPA-3299942/2022|BA.1|2022-01-11	E06000042	2022-01-11	2
England/ALDP-3514BFB/2022|BA.1|2022-01-31	E08000034	2022-01-31	3
England/LSPA-350FABA/2022|BA.1|2022-01-30	E06000042	2022-01-30	3
England/LSPA-34E20F8/2022|BA.1|2022-01-29	E07000154	2022-01-29	3
England/MILK-32216EE/2022|BA.1|2022-01-11	E09000017	2022-01-11	2
England/BRBR-2F3800A/2021|BA.1|2021-12-17	E07000216	2021-12-17	1
England/MILK-2EC4F34/2021|BA.1|2021-12-14	E09000028	2021-12-14	1
England/MILK-2EA59B3/2021|BA.1|2021-12-13	E09000009	2021-12-13	1
England/MILK-2F1988F/2021|BA.1|2021-12-16	E09000006	2021-12-16	1
England/LSPA-33FD32F/2022|BA.1|2022-01-23	E07000197	2022-01-23	3
England/MILK-319814C/2022|BA.1|2022-01-06	E07000213	2022-01-06	2
England/MILK-3070E26/2021|BA.1|2021-12-29	E07000202	2021-12-29	2
England/MILK-2F782DB/2021|BA.1|2021-12-19	E06000035	2021-12-19	1
England/MILK-31C5331/2022|BA.1|2022-01-10	E06000034	2022-01-10	2
England/LSPA-329803F/2022|BA.1|2022-01-11	E08000025	2022-01-11	2
England/MILK-2EEA299/2021|BA.1|2021-12-15	E09000025	2021-12-15	1
England/DHSC-CYNT7OT/2021|BA.1|2021-12-20	E06000018	2021-12-20	1
England/QEUH-33BF9FA/2022|BA.1|2022-01-20	E08000032	2022-01-20	3
England/BRBR-3391800/2022|BA.1|2022-01-21	E06000054	2022-01-21	3
England/ALDP-322AF35/2022|BA.1|2022-01-10	E07000137	2022-01-10	2
England/PLYM-31947E4/2022|BA.1|2022-01-05	E06000059	2022-01-05	2
England/MILK-3412F7A/2022|BA.1|2022-01-25	E09000009	2022-01-25	3
England/MILK-32679A7/2022|BA.1|2022-01-13	E07000148	2022-01-13	2
England/MILK-30031F2/2021|BA.1|2021-12-28	E07000069	2021-12-28	2
England/LSPA-30F2FFC/2021|BA.1|2021-12-25	E07000011	2021-12-25	1
England/NORT-YBFHFX/2021|BA.1|2021-12-20	E07000177	2021-12-20	1
England/BRBR-2EE1DCE/2021|BA.1|2021-12-15	E09000003	2021-12-15	1
England/NORT-YBFI5J/2021|BA.1|2021-12-19	E09000032	2021-12-19	1
England/DHSC-CYNQ9SK/2021|BA.1|2021-12-21	E07000079	2021-12-21	1
England/MILK-2F08F7F/2021|BA.1|2021-12-16	E07000079	2021-12-16	1
England/MILK-2F60A0B/2021|BA.1|2021-12-18	E07000072	2021-12-18	1
England/DHSC-CYNBOO9/2021|BA.1|2021-12-19	E07000228	2021-12-19	1
England/MILK-338F38C/2022|BA.1|2022-01-21	E09000010	2022-01-21	3
England/MILK-2F55FA0/2021|BA.1|2021-12-17	E09000019	2021-12-17	1
England/NORT-YBFJIB/2021|BA.1|2021-12-17	E09000012	2021-12-17	1
England/PLYM-316CCC8/2022|BA.1|2022-01-06	E06000044	2022-01-06	2
England/MILK-3062A41/2021|BA.1|2021-12-29	E06000039	2021-12-29	2
England/DHSC-CYBKNX9/2021|BA.1|2021-12-22	E07000091	2021-12-22	1
England/MILK-31E079E/2022|BA.1|2022-01-10	E07000087	2022-01-10	2
England/LSPA-328AE63/2022|BA.1|2022-01-11	E07000136	2022-01-11	2
England/MILK-3108CEC/2022|BA.1|2022-01-03	E06000056	2022-01-03	2
England/MILK-330BD20/2022|BA.1|2022-01-17	E06000055	2022-01-17	3
England/MILK-333C9D7/2022|BA.1|2022-01-19	E07000245	2022-01-19	3
England/DHSC-CYNH8K6/2021|BA.1|2021-12-24	E06000039	2021-12-24	1
England/QEUH-33BF66C/2022|BA.1|2022-01-20	E08000013	2022-01-20	3
England/PLYM-2FDB4A3/2021|BA.1|2021-12-23	E07000091	2021-12-23	1
England/DHSC-CYBWF6E/2021|BA.1|2021-12-23	E09000005	2021-12-23	1
England/MILK-30C8D6E/2022|BA.1|2022-01-01	E07000090	2022-01-01	2
England/MILK-327A1A9/2022|BA.1|2022-01-14	E06000044	2022-01-14	2
England/PLYM-32FFD11/2022|BA.1|2022-01-17	E07000189	2022-01-17	3
England/MILK-32F34CD/2022|BA.1|2022-01-17	E09000015	2022-01-17	3
England/MILK-330C150/2022|BA.1|2022-01-17	E06000060	2022-01-17	3
England/LSPA-34A10F5/2022|BA.1|2022-01-28	E07000220	2022-01-28	3
England/PLYM-2FD4E9D/2021|BA.1|2021-12-23	E06000044	2021-12-23	1
England/MILK-2F51144/2021|BA.1|2021-12-18	E07000115	2021-12-18	1
England/BRBR-2F3E5AB/2021|BA.1|2021-12-18	E09000008	2021-12-18	1
England/LSPA-3099AE7/2021|BA.1|2021-12-29	E07000012	2021-12-29	2
England/QEUH-30A567B/2021|BA.1|2021-12-29	E08000033	2021-12-29	2
England/ALDP-307E5E7/2021|BA.1|2021-12-30	E08000007	2021-12-30	2
England/MILK-334D0FC/2022|BA.1|2022-01-19	E06000007	2022-01-19	3
England/ALDP-3389285/2022|BA.1|2022-01-21	E07000195	2022-01-21	3
England/ALDP-2F03DF2/2021|BA.1|2021-12-15	E07000240	2021-12-15	1
England/MILK-3004C87/2021|BA.1|2021-12-23	E07000213	2021-12-23	1
England/MILK-2F1D214/2021|BA.1|2021-12-15	E09000031	2021-12-15	1
England/MILK-2F5D0D2/2021|BA.1|2021-12-17	E09000014	2021-12-17	1
England/BRBR-2F242B0/2021|BA.1|2021-12-15	E07000094	2021-12-15	1
England/MILK-300C3B7/2021|BA.1|2021-12-26	E09000026	2021-12-26	2
England/MILK-2FB517B/2021|BA.1|2021-12-20	E09000005	2021-12-20	1
England/BRBR-2E86FB6/2021|BA.1|2021-12-13	E09000008	2021-12-13	1
England/ALDP-3063442/2021|BA.1|2021-12-29	E08000015	2021-12-29	2
England/BRBR-347F3F7/2022|BA.1|2022-01-27	E07000084	2022-01-27	3
England/BRBR-334C831/2022|BA.1|2022-01-19	E07000084	2022-01-19	3
England/QEUH-3253188/2022|BA.1|2022-01-12	E08000034	2022-01-12	2
England/ALDP-31A42C2/2022|BA.1|2022-01-06	E08000031	2022-01-06	2
England/QEUH-3439A8B/2022|BA.1|2022-01-25	E08000032	2022-01-25	3
England/ALDP-2EE05C7/2021|BA.1|2021-12-15	E07000234	2021-12-15	1
England/MILK-3407F1E/2022|BA.1|2022-01-24	E07000008	2022-01-24	3
England/MILK-302E15B/2021|BA.1|2021-12-28	E09000002	2021-12-28	2
England/QEUH-2F9DBB7/2021|BA.1|2021-12-20	E06000011	2021-12-20	1
England/LSPA-2F48984/2021|BA.1|2021-12-16	E07000077	2021-12-16	1
England/DHSC-CYD1QIU/2022|BA.1|2022-01-12	E08000021	2022-01-12	2
England/DHSC-CYDIX11/2021|BA.1|2021-12-25	E06000004	2021-12-25	1
England/DHSC-CYYBM3W/2022|BA.1|2022-01-27	E07000193	2022-01-27	3
England/DHSC-CYB57O6/2022|BA.1|2022-01-05	E06000004	2022-01-05	2
England/DHSC-CYB67Q7/2022|BA.1|2022-01-04	E07000139	2022-01-04	2
England/DHSC-CYN9OF3/2022|BA.1|2022-01-26	E07000141	2022-01-26	3
England/ALDP-32FA53C/2022|BA.1|2022-01-16	E07000128	2022-01-16	3
England/ALDP-3070837/2021|BA.1|2021-12-29	E08000009	2021-12-29	2
England/MILK-2F5814D/2021|BA.1|2021-12-19	E08000019	2021-12-19	1
England/PLYM-340A76E/2022|BA.1|2022-01-24	E06000025	2022-01-24	3
England/MILK-323A907/2022|BA.1|2022-01-12	E06000023	2022-01-12	2
England/PLYM-2FDCF1A/2021|BA.1|2021-12-23	E07000229	2021-12-23	1
England/LSPA-321C015/2022|BA.1|2022-01-09	E08000025	2022-01-09	2
England/DHSC-CYDFHQX/2022|BA.1|2022-01-12	E08000021	2022-01-12	2
England/MILK-32698C6/2022|BA.1|2022-01-13	E07000109	2022-01-13	2
England/ALDP-33BEFBD/2022|BA.1|2022-01-21	E08000015	2022-01-21	3
England/LSPA-34061CE/2022|BA.1|2022-01-22	E07000012	2022-01-22	3
England/LSPA-3474FC1/2022|BA.1|2022-01-26	E07000115	2022-01-26	3
England/QEUH-3222DBB/2022|BA.1|2022-01-10	E08000033	2022-01-10	2
England/HSLL-2ED7323/2021|BA.1|2021-12-15	E09000005	2021-12-15	1
England/PLYM-2F44074/2021|BA.1|2021-12-16	E06000022	2021-12-16	1
England/PLYM-334FB26/2022|BA.1|2022-01-19	E06000026	2022-01-19	3
England/PLYM-332E55C/2022|BA.1|2022-01-18	E06000026	2022-01-18	3
England/PLYM-32F9BA4/2022|BA.1|2022-01-17	E06000026	2022-01-17	3
England/PLYM-3193CD7/2022|BA.1|2022-01-07	E06000026	2022-01-07	2
England/PLYM-332E835/2022|BA.1|2022-01-17	E06000026	2022-01-17	3
England/PLYM-322590F/2022|BA.1|2022-01-11	E06000026	2022-01-11	2
England/PLYM-32483AE/2022|BA.1|2022-01-12	E06000026	2022-01-12	2
England/PLYM-319390D/2022|BA.1|2022-01-07	E06000026	2022-01-07	2
England/QEUH-32522C2/2022|BA.1|2022-01-12	E08000032	2022-01-12	2
England/ALDP-337C8DE/2022|BA.1|2022-01-19	E07000122	2022-01-19	3
England/PLYM-349CD9C/2022|BA.1|2022-01-29	E07000081	2022-01-29	3
England/MILK-34140A2/2022|BA.1|2022-01-25	E07000225	2022-01-25	3
England/ALDP-3264FA8/2022|BA.1|2022-01-12	E08000005	2022-01-12	2
England/ALDP-32C4146/2022|BA.1|2022-01-14	E08000015	2022-01-14	2
England/MILK-33FF91C/2022|BA.1|2022-01-24	E09000031	2022-01-24	3
England/MILK-345256D/2022|BA.1|2022-01-26	E07000114	2022-01-26	3
England/MILK-31A1C30/2022|BA.1|2022-01-08	E09000006	2022-01-08	2
England/MILK-31CB90C/2022|BA.1|2022-01-09	E09000023	2022-01-09	2
England/MILK-32586FD/2022|BA.1|2022-01-13	E07000089	2022-01-13	2
England/MILK-31B130B/2022|BA.1|2022-01-08	E09000026	2022-01-08	2
England/MILK-3287C99/2022|BA.1|2022-01-14	E09000010	2022-01-14	2
England/MILK-3214A79/2022|BA.1|2022-01-10	E09000020	2022-01-10	2
England/MILK-31F5FCB/2022|BA.1|2022-01-10	E07000061	2022-01-10	2
England/MILK-3231EA7/2022|BA.1|2022-01-13	E06000035	2022-01-13	2
England/LSPA-350AE77/2022|BA.1|2022-01-30	E06000035	2022-01-30	3
England/MILK-31DBFBC/2022|BA.1|2022-01-09	E06000035	2022-01-09	2
England/MILK-3071E16/2021|BA.1|2021-12-30	E07000061	2021-12-30	2
England/MILK-3099BC6/2021|BA.1|2021-12-30	E09000006	2021-12-30	2
England/BRBR-3145E29/2022|BA.1|2022-01-04	E09000017	2022-01-04	2
England/MILK-331B613/2022|BA.1|2022-01-18	E07000096	2022-01-18	3
England/MILK-3275AEF/2022|BA.1|2022-01-15	E06000026	2022-01-15	2
England/MILK-331917E/2022|BA.1|2022-01-19	E07000243	2022-01-19	3
England/MILK-307D9CE/2021|BA.1|2021-12-29	E07000071	2021-12-29	2
England/ALDP-3017304/2021|BA.1|2021-12-26	E06000049	2021-12-26	2
England/QEUH-30A664D/2021|BA.1|2021-12-28	E08000032	2021-12-28	2
England/ALDP-2FBB6A3/2021|BA.1|2021-12-17	E09000032	2021-12-17	1
England/MILK-3012530/2021|BA.1|2021-12-27	E09000008	2021-12-27	2
England/MILK-3007E9D/2021|BA.1|2021-12-20	E09000030	2021-12-20	1
England/MILK-3497E8F/2022|BA.1|2022-01-29	E09000006	2022-01-29	3
England/MILK-3434507/2022|BA.1|2022-01-25	E06000034	2022-01-25	3
England/MILK-32D0C0A/2022|BA.1|2022-01-16	E09000011	2022-01-16	3
England/MILK-3324213/2022|BA.1|2022-01-18	E06000018	2022-01-18	3
England/ALDP-33CF9F7/2022|BA.1|2022-01-22	E06000014	2022-01-22	3
England/MILK-31157DC/2022|BA.1|2022-01-03	E07000246	2022-01-03	2
England/PLYM-3190D8C/2022|BA.1|2022-01-05	E07000041	2022-01-05	2
England/MILK-31158E8/2022|BA.1|2022-01-03	E07000246	2022-01-03	2
England/PLYM-2FDB555/2021|BA.1|2021-12-23	E07000041	2021-12-23	1
England/PLYM-3119899/2022|BA.1|2022-01-03	E06000052	2022-01-03	2
England/DHSC-CYNEHOF/2022|BA.1|2022-01-31	E07000041	2022-01-31	3
England/PLYM-349CE5D/2022|BA.1|2022-01-29	E07000041	2022-01-29	3
England/PLYM-340885E/2022|BA.1|2022-01-24	E07000041	2022-01-24	3
England/ALDP-2FF4DE5/2021|BA.1|2021-12-23	E06000021	2021-12-23	1
England/ALDP-32BFD77/2022|BA.1|2022-01-15	E08000028	2022-01-15	2
England/ALDP-323A196/2022|BA.1|2022-01-11	E08000028	2022-01-11	2
England/NEWC-33B62E9/2022|BA.1|2022-01-21	E06000010	2022-01-21	3
England/MILK-334FBBD/2022|BA.1|2022-01-19	E06000060	2022-01-19	3
England/MILK-2F1D42D/2021|BA.1|2021-12-15	E09000031	2021-12-15	1
England/BRBR-2E02ED3/2021|BA.1|2021-12-10	E09000009	2021-12-10	1
England/ALDP-3233FDF/2022|BA.1|2022-01-11	E07000122	2022-01-11	2
England/PHEC-YYNFUR3/2021|BA.1|2021-12-31	E09000033	2021-12-31	2
England/MILK-311E481/2022|BA.1|2022-01-04	E07000111	2022-01-04	2
England/PLYM-2F23512/2021|BA.1|2021-12-18	E07000088	2021-12-18	1
England/MILK-2E95CAE/2021|BA.1|2021-12-14	E07000072	2021-12-14	1
England/MILK-300845E/2021|BA.1|2021-12-23	E07000215	2021-12-23	1
England/DHSC-CYNGPWO/2021|BA.1|2021-12-22	E07000211	2021-12-22	1
England/MILK-317EE36/2022|BA.1|2022-01-04	E09000017	2022-01-04	2
England/ALDP-3514AEF/2022|BA.1|2022-01-31	E08000015	2022-01-31	3
England/ALDP-34AEC30/2022|BA.1|2022-01-29	E08000015	2022-01-29	3
England/MILK-2F9EFD8/2021|BA.1|2021-12-20	E09000021	2021-12-20	1
England/MILK-2F7B760/2021|BA.1|2021-12-17	E09000030	2021-12-17	1
England/BRBR-34537EE/2022|BA.1|2022-01-25	E07000181	2022-01-25	3
England/DHSC-CYY4D8Q/2022|BA.1|2022-01-31	E07000181	2022-01-31	3
England/BRBR-32D7C4F/2022|BA.1|2022-01-16	E07000181	2022-01-16	3
England/DHSC-CYYQ5FU/2021|BA.1|2021-12-22	E09000022	2021-12-22	1
England/LSPA-309D47C/2021|BA.1|2021-12-29	E07000012	2021-12-29	2
England/QEUH-2F54572/2021|BA.1|2021-12-19	E06000014	2021-12-19	1
England/LSPA-321DB5F/2022|BA.1|2022-01-07	E08000028	2022-01-07	2
England/MILK-2FF0D8F/2021|BA.1|2021-12-25	E09000011	2021-12-25	1
England/MILK-2F6E302/2021|BA.1|2021-12-18	E09000021	2021-12-18	1
England/ALDP-2FF677C/2021|BA.1|2021-12-17	E07000103	2021-12-17	1
England/LSPA-2FC5F50/2021|BA.1|2021-12-17	E07000202	2021-12-17	1
England/MILK-34BF7D1/2022|BA.1|2022-01-30	E07000208	2022-01-30	3
England/ALDP-3256923/2022|BA.1|2022-01-12	E06000021	2022-01-12	2
England/MILK-303BFBB/2021|BA.1|2021-12-28	E09000023	2021-12-28	2
England/MILK-3198337/2022|BA.1|2022-01-06	E09000024	2022-01-06	2
England/MILK-3198328/2022|BA.1|2022-01-06	E09000032	2022-01-06	2
England/LSPA-340D974/2022|BA.1|2022-01-23	E08000025	2022-01-23	3
England/MILK-32438C2/2022|BA.1|2022-01-10	E06000033	2022-01-10	2
England/ALDP-2EAC3BE/2021|BA.1|2021-12-13	E08000027	2021-12-13	1
England/LSPA-2F25D63/2021|BA.1|2021-12-15	E07000146	2021-12-15	1
England/ALDP-30140D3/2021|BA.1|2021-12-25	E08000005	2021-12-25	1
England/MILK-2F3210D/2021|BA.1|2021-12-17	E09000006	2021-12-17	1
England/MILK-2F08FBB/2021|BA.1|2021-12-15	E09000004	2021-12-15	1
England/ALDP-2EA8543/2021|BA.1|2021-12-14	E09000032	2021-12-14	1
England/BRBR-33A9E7C/2022|BA.1|2022-01-22	E07000214	2022-01-22	3
England/MILK-320472A/2022|BA.1|2022-01-11	E09000002	2022-01-11	2
England/PLYM-2FCF91C/2021|BA.1|2021-12-23	E06000059	2021-12-23	1
England/MILK-344DF49/2022|BA.1|2022-01-18	E06000023	2022-01-18	3
England/LSPA-336827D/2022|BA.1|2022-01-18	E06000023	2022-01-18	3
England/MILK-34F4C59/2022|BA.1|2022-01-31	E06000023	2022-01-31	3
England/MILK-344DF0D/2022|BA.1|2022-01-25	E06000023	2022-01-25	3
England/MILK-344DDD6/2022|BA.1|2022-01-25	E06000023	2022-01-25	3
England/LSPA-3368468/2022|BA.1|2022-01-18	E06000023	2022-01-18	3
England/LSPA-3371851/2022|BA.1|2022-01-18	E06000023	2022-01-18	3
England/MILK-344DBDC/2022|BA.1|2022-01-25	E06000023	2022-01-25	3
England/MILK-344DF85/2022|BA.1|2022-01-25	E06000023	2022-01-25	3
England/MILK-3441798/2022|BA.1|2022-01-25	E06000023	2022-01-25	3
England/MILK-34418A4/2022|BA.1|2022-01-25	E06000023	2022-01-25	3
England/MILK-344DF1C/2022|BA.1|2022-01-25	E06000023	2022-01-25	3
England/MILK-334A736/2022|BA.1|2022-01-19	E09000032	2022-01-19	3
England/QEUH-2FE5C35/2021|BA.1|2021-12-23	E08000012	2021-12-23	1
England/BRBR-3131F78/2022|BA.1|2022-01-04	E09000021	2022-01-04	2
England/BRBR-303FB77/2021|BA.1|2021-12-29	E09000021	2021-12-29	2
England/BRBR-341D2EF/2022|BA.1|2022-01-25	E06000041	2022-01-25	3
England/BRBR-3396364/2022|BA.1|2022-01-21	E06000038	2022-01-21	3
England/BRBR-326011F/2022|BA.1|2022-01-13	E06000041	2022-01-13	2
England/MILK-2F83307/2021|BA.1|2021-12-19	E07000213	2021-12-19	1
England/MILK-2FBC4E4/2021|BA.1|2021-12-21	E07000106	2021-12-21	1
England/MILK-33CD829/2022|BA.1|2022-01-23	E07000114	2022-01-23	3
England/MILK-33C0AE4/2022|BA.1|2022-01-22	E09000028	2022-01-22	3
England/MILK-3036EC2/2021|BA.1|2021-12-28	E06000056	2021-12-28	2
England/DHSC-CYNFPRU/2022|BA.1|2022-01-31	E07000034	2022-01-31	3
England/NEWC-33D568E/2022|BA.1|2022-01-23	E06000004	2022-01-23	3
England/MILK-32D0A1F/2022|BA.1|2022-01-16	E09000003	2022-01-16	3
England/ALDP-33A1EB0/2022|BA.1|2022-01-20	E06000050	2022-01-20	3
England/LSPA-34C5DC7/2022|BA.1|2022-01-27	E07000112	2022-01-27	3
England/MILK-32F8DEB/2022|BA.1|2022-01-17	E09000026	2022-01-17	3
England/QEUH-328B943/2022|BA.1|2022-01-13	E06000049	2022-01-13	2
England/QEUH-314F92E/2022|BA.1|2022-01-04	E06000007	2022-01-04	2
England/MILK-344358D/2022|BA.1|2022-01-27	E07000148	2022-01-27	3
England/ALDP-326760A/2022|BA.1|2022-01-12	E06000049	2022-01-12	2
England/MILK-325899A/2022|BA.1|2022-01-12	E07000066	2022-01-12	2
England/ALDP-318A480/2021|BA.1|2021-12-30	E08000003	2021-12-30	2
England/QEUH-3254AE6/2022|BA.1|2022-01-12	E08000017	2022-01-12	2
England/LSPA-31DF7CF/2022|BA.1|2022-01-06	E08000030	2022-01-06	2
England/BRBR-3427349/2022|BA.1|2022-01-24	E06000043	2022-01-24	3
England/BRBR-31FEDE6/2022|BA.1|2022-01-09	E07000226	2022-01-09	2
England/MILK-2F67873/2021|BA.1|2021-12-17	E06000038	2021-12-17	1
England/LSPA-2FBEAD1/2021|BA.1|2021-12-18	E07000011	2021-12-18	1
England/MILK-2E7033B/2021|BA.1|2021-12-10	E07000199	2021-12-10	1
England/MILK-2EA40A0/2021|BA.1|2021-12-14	E07000066	2021-12-14	1
England/MILK-2F581D4/2021|BA.1|2021-12-17	E09000027	2021-12-17	1
England/MILK-2F0AD0A/2021|BA.1|2021-12-15	E09000023	2021-12-15	1
England/MILK-346397C/2022|BA.1|2022-01-27	E07000108	2022-01-27	3
England/ALDP-3092583/2021|BA.1|2021-12-31	E06000012	2021-12-31	2
England/MILK-32B4EAC/2022|BA.1|2022-01-15	E07000143	2022-01-15	2
England/PLYM-332CD29/2022|BA.1|2022-01-18	E06000027	2022-01-18	3
England/MILK-30DD48F/2022|BA.1|2022-01-03	E06000017	2022-01-03	2
England/MILK-32720B3/2022|BA.1|2022-01-13	E09000003	2022-01-13	2
England/MILK-3413E21/2022|BA.1|2022-01-25	E07000114	2022-01-25	3
England/MILK-33D296A/2022|BA.1|2022-01-22	E07000114	2022-01-22	3
England/MILK-3413E9A/2022|BA.1|2022-01-25	E07000114	2022-01-25	3
England/QEUH-3443E55/2022|BA.1|2022-01-25	E06000014	2022-01-25	3
England/MILK-3414057/2022|BA.1|2022-01-25	E07000114	2022-01-25	3
England/PLYM-3484632/2022|BA.1|2022-01-28	E07000082	2022-01-28	3
England/ALDP-31B548C/2022|BA.1|2022-01-06	E07000195	2022-01-06	2
England/MILK-3432EC2/2022|BA.1|2022-01-25	E07000152	2022-01-25	3
England/NEWC-337428D/2022|BA.1|2022-01-19	E07000141	2022-01-19	3
England/MILK-3032E5D/2021|BA.1|2021-12-28	E06000042	2021-12-28	2
England/MILK-305B823/2021|BA.1|2021-12-29	E09000031	2021-12-29	2
England/PLYM-324522C/2022|BA.1|2022-01-12	E07000046	2022-01-12	2
England/MILK-33F2F53/2022|BA.1|2022-01-24	E07000154	2022-01-24	3
England/MILK-337F5B6/2022|BA.1|2022-01-21	E07000154	2022-01-21	3
England/ALDP-31C4A88/2022|BA.1|2022-01-04	E07000235	2022-01-04	2
England/NEWC-31FDB38/2022|BA.1|2022-01-10	E06000006	2022-01-10	2
England/QEUH-33BE3EE/2022|BA.1|2022-01-20	E06000014	2022-01-20	3
England/MILK-3396B4E/2022|BA.1|2022-01-21	E07000209	2022-01-21	3
England/MILK-3116BFD/2022|BA.1|2022-01-03	E07000094	2022-01-03	2
England/BRBR-3424968/2022|BA.1|2022-01-25	E06000036	2022-01-25	3
England/LSPA-3216549/2022|BA.1|2022-01-08	E07000010	2022-01-08	2
England/MILK-33161BD/2022|BA.1|2022-01-18	E07000071	2022-01-18	3
England/ALDP-317ACF4/2022|BA.1|2022-01-07	E08000001	2022-01-07	2
England/ALDP-327B7E2/2022|BA.1|2022-01-14	E06000051	2022-01-14	2
England/MILK-3242016/2022|BA.1|2022-01-12	E09000025	2022-01-12	2
England/MILK-32FA8F7/2022|BA.1|2022-01-17	E07000228	2022-01-17	3
England/MILK-2F180C4/2021|BA.1|2021-12-15	E09000013	2021-12-15	1
England/ALDP-3360F41/2022|BA.1|2022-01-19	E08000015	2022-01-19	3
England/MILK-34375D7/2022|BA.1|2022-01-24	E06000016	2022-01-24	3
England/LSPA-34BCE66/2022|BA.1|2022-01-28	E07000245	2022-01-28	3
England/MILK-3108921/2022|BA.1|2022-01-03	E07000241	2022-01-03	2
England/ALDP-34C343D/2022|BA.1|2022-01-30	E08000019	2022-01-30	3
England/ALDP-32BA231/2022|BA.1|2022-01-14	E07000171	2022-01-14	2
England/QEUH-2EB6B8C/2021|BA.1|2021-12-14	E08000018	2021-12-14	1
England/QEUH-329D44D/2022|BA.1|2022-01-15	E08000016	2022-01-15	2
England/MILK-3024A78/2021|BA.1|2021-12-28	E07000098	2021-12-28	2
England/ALDP-338CF6D/2022|BA.1|2022-01-20	E08000031	2022-01-20	3
England/QEUH-2EFF4D7/2021|BA.1|2021-12-15	E08000019	2021-12-15	1
England/DHSC-CYY9MS7/2021|BA.1|2021-12-20	E08000019	2021-12-20	1
England/ALDP-3233E78/2022|BA.1|2022-01-11	E07000117	2022-01-11	2
England/PLYM-2FCFD10/2021|BA.1|2021-12-23	E06000052	2021-12-23	1
England/LSPA-3176803/2022|BA.1|2022-01-04	E07000132	2022-01-04	2
England/DHSC-CYNRXW1/2021|BA.1|2021-12-21	E07000228	2021-12-21	1
England/MILK-2FE7A48/2021|BA.1|2021-12-25	E08000025	2021-12-25	1
England/QEUH-30FFBDD/2022|BA.1|2022-01-02	E07000169	2022-01-02	2
England/ALDP-3171A8A/2022|BA.1|2022-01-04	E08000004	2022-01-04	2
England/MILK-335D387/2022|BA.1|2022-01-19	E06000039	2022-01-19	3
England/MILK-307E259/2021|BA.1|2021-12-30	E07000068	2021-12-30	2
England/LSPA-3371C28/2022|BA.1|2022-01-19	E07000187	2022-01-19	3
England/QEUH-30D2CBF/2021|BA.1|2021-12-30	E06000006	2021-12-30	2
England/MILK-3230AD1/2022|BA.1|2022-01-13	E09000006	2022-01-13	2
England/MILK-302925D/2021|BA.1|2021-12-29	E09000010	2021-12-29	2
England/MILK-2F8A75F/2021|BA.1|2021-12-19	E09000014	2021-12-19	1
England/QEUH-2F54299/2021|BA.1|2021-12-19	E08000017	2021-12-19	1
England/NORT-YBRJHI/2021|BA.1|2021-12-15	E06000060	2021-12-15	1
England/MILK-2EBD39C/2021|BA.1|2021-12-14	E06000040	2021-12-14	1
England/DHSC-CYNAKOS/2021|BA.1|2021-12-22	E09000027	2021-12-22	1
England/DHSC-CYBE7K1/2021|BA.1|2021-12-22	E06000043	2021-12-22	1
England/MILK-2FB617A/2021|BA.1|2021-12-21	E07000109	2021-12-21	1
England/MILK-2F6CC45/2021|BA.1|2021-12-18	E07000066	2021-12-18	1
England/MILK-30B2BE5/2021|BA.1|2021-12-30	E09000008	2021-12-30	2
England/MILK-304D596/2021|BA.1|2021-12-29	E09000020	2021-12-29	2
England/QEUH-312A6AA/2022|BA.1|2022-01-03	E08000034	2022-01-03	2
England/LSPA-3277A0B/2022|BA.1|2022-01-11	E06000016	2022-01-11	2
England/MILK-313B04E/2022|BA.1|2022-01-04	E09000002	2022-01-04	2
England/MILK-33935F8/2022|BA.1|2022-01-21	E07000149	2022-01-21	3
England/MILK-329F083/2022|BA.1|2022-01-16	E07000112	2022-01-16	3
England/MILK-34BB3C2/2022|BA.1|2022-01-30	E07000202	2022-01-30	3
England/MILK-31B4432/2022|BA.1|2022-01-08	E07000154	2022-01-08	2
England/MILK-31BADD7/2022|BA.1|2022-01-10	E07000151	2022-01-10	2
England/MILK-31B4915/2022|BA.1|2022-01-08	E07000154	2022-01-08	2
England/LSPA-353A728/2022|BA.1|2022-01-31	E07000154	2022-01-31	3
England/MILK-33F3C5B/2022|BA.1|2022-01-24	E07000154	2022-01-24	3
England/LSPA-3292651/2022|BA.1|2022-01-10	E07000154	2022-01-10	2
England/MILK-3005A04/2021|BA.1|2021-12-27	E07000111	2021-12-27	2
England/MILK-32060A5/2022|BA.1|2022-01-10	E09000016	2022-01-10	2
England/MILK-3301F15/2022|BA.1|2022-01-15	E09000022	2022-01-15	2
England/MILK-34683A6/2022|BA.1|2022-01-27	E09000016	2022-01-27	3
England/MILK-3240F39/2022|BA.1|2022-01-11	E09000008	2022-01-11	2
England/QEUH-2EB8021/2021|BA.1|2021-12-14	E09000030	2021-12-14	1
England/MILK-2F21990/2021|BA.1|2021-12-16	E09000025	2021-12-16	1
England/MILK-2EB7480/2021|BA.1|2021-12-14	E07000107	2021-12-14	1